Aruba,ABW,ARU,Aruba,"<img alt='' src='//upload.wikimedia.org/wikipedia/commons/thumb/f/f6/Flag_of_Aruba.svg/23px-Flag_of_Aruba.svg.png' class='flag_image' srcset='//upload.wikimedia.org/wikipedia/commons/thumb/f/f6/Flag_of_Aruba.svg/35px-Flag_of_Aruba.svg.png 1.5x, //upload.wikimedia.org/wikipedia/commons/thumb/f/f6/Flag_of_Aruba.svg/45px-Flag_of_Aruba.svg.png 2x' data-file-width='900' data-file-height='600'>"
Afghanistan,AFG,AFG,Afghanistan,"<img alt='' src='//upload.wikimedia.org/wikipedia/commons/thumb/9/9a/Flag_of_Afghanistan.svg/23px-Flag_of_Afghanistan.svg.png' class='flag_image' srcset='//upload.wikimedia.org/wikipedia/commons/thumb/9/9a/Flag_of_Afghanistan.svg/35px-Flag_of_Afghanistan.svg.png 1.5x, //upload.wikimedia.org/wikipedia/commons/thumb/9/9a/Flag_of_Afghanistan.svg/45px-Flag_of_Afghanistan.svg.png 2x' data-file-width='450' data-file-height='300'>"
Angola,AGO,ANG,Angola,"<img alt='' src='//upload.wikimedia.org/wikipedia/commons/thumb/9/9d/Flag_of_Angola.svg/23px-Flag_of_Angola.svg.png' class='flag_image' srcset='//upload.wikimedia.org/wikipedia/commons/thumb/9/9d/Flag_of_Angola.svg/35px-Flag_of_Angola.svg.png 1.5x, //upload.wikimedia.org/wikipedia/commons/thumb/9/9d/Flag_of_Angola.svg/45px-Flag_of_Angola.svg.png 2x' data-file-width='450' data-file-height='300'>"
Anguilla,AIA,,,
Åland Islands,ALA,,,
Albania,ALB,ALB,Albania,"<img alt='' src='//upload.wikimedia.org/wikipedia/commons/thumb/3/36/Flag_of_Albania.svg/21px-Flag_of_Albania.svg.png' class='flag_image' srcset='//upload.wikimedia.org/wikipedia/commons/thumb/3/36/Flag_of_Albania.svg/32px-Flag_of_Albania.svg.png 1.5x, //upload.wikimedia.org/wikipedia/commons/thumb/3/36/Flag_of_Albania.svg/42px-Flag_of_Albania.svg.png 2x' data-file-width='700' data-file-height='500'>"
Andorra,AND,AND,Andorra,"<img alt='' src='//upload.wikimedia.org/wikipedia/commons/thumb/1/19/Flag_of_Andorra.svg/22px-Flag_of_Andorra.svg.png' class='flag_image' srcset='//upload.wikimedia.org/wikipedia/commons/thumb/1/19/Flag_of_Andorra.svg/33px-Flag_of_Andorra.svg.png 1.5x, //upload.wikimedia.org/wikipedia/commons/thumb/1/19/Flag_of_Andorra.svg/43px-Flag_of_Andorra.svg.png 2x' data-file-width='1000' data-file-height='700'>"
United Arab Emirates,ARE,UAE,United Arab Emirates,"<img alt='' src='//upload.wikimedia.org/wikipedia/commons/thumb/c/cb/Flag_of_the_United_Arab_Emirates.svg/23px-Flag_of_the_United_Arab_Emirates.svg.png' class='flag_image' srcset='//upload.wikimedia.org/wikipedia/commons/thumb/c/cb/Flag_of_the_United_Arab_Emirates.svg/35px-Flag_of_the_United_Arab_Emirates.svg.png 1.5x, //upload.wikimedia.org/wikipedia/commons/thumb/c/cb/Flag_of_the_United_Arab_Emirates.svg/46px-Flag_of_the_United_Arab_Emirates.svg.png 2x' data-file-width='1200' data-file-height='600'>"
Argentina,ARG,ARG,Argentina,"<img alt='' src='//upload.wikimedia.org/wikipedia/commons/thumb/1/1a/Flag_of_Argentina.svg/23px-Flag_of_Argentina.svg.png' class='flag_image' srcset='//upload.wikimedia.org/wikipedia/commons/thumb/1/1a/Flag_of_Argentina.svg/35px-Flag_of_Argentina.svg.png 1.5x, //upload.wikimedia.org/wikipedia/commons/thumb/1/1a/Flag_of_Argentina.svg/46px-Flag_of_Argentina.svg.png 2x' data-file-width='800' data-file-height='500'>"
Armenia,ARM,ARM,Armenia,"<img alt='' src='//upload.wikimedia.org/wikipedia/commons/thumb/2/2f/Flag_of_Armenia.svg/23px-Flag_of_Armenia.svg.png' class='flag_image' srcset='//upload.wikimedia.org/wikipedia/commons/thumb/2/2f/Flag_of_Armenia.svg/35px-Flag_of_Armenia.svg.png 1.5x, //upload.wikimedia.org/wikipedia/commons/thumb/2/2f/Flag_of_Armenia.svg/46px-Flag_of_Armenia.svg.png 2x' data-file-width='1200' data-file-height='600'>"
American Samoa,ASM,ASA,American Samoa,"<img alt='' src='//upload.wikimedia.org/wikipedia/commons/thumb/8/87/Flag_of_American_Samoa.svg/23px-Flag_of_American_Samoa.svg.png' class='flag_image' srcset='//upload.wikimedia.org/wikipedia/commons/thumb/8/87/Flag_of_American_Samoa.svg/35px-Flag_of_American_Samoa.svg.png 1.5x, //upload.wikimedia.org/wikipedia/commons/thumb/8/87/Flag_of_American_Samoa.svg/46px-Flag_of_American_Samoa.svg.png 2x' data-file-width='1000' data-file-height='500'>"
Antarctica,ATA,,,
French Southern Territories,ATF,,,
Antigua and Barbuda,ATG,ANT,Antigua and Barbuda,"<img alt='' src='//upload.wikimedia.org/wikipedia/commons/thumb/8/89/Flag_of_Antigua_and_Barbuda.svg/23px-Flag_of_Antigua_and_Barbuda.svg.png' class='flag_image' srcset='//upload.wikimedia.org/wikipedia/commons/thumb/8/89/Flag_of_Antigua_and_Barbuda.svg/35px-Flag_of_Antigua_and_Barbuda.svg.png 1.5x, //upload.wikimedia.org/wikipedia/commons/thumb/8/89/Flag_of_Antigua_and_Barbuda.svg/45px-Flag_of_Antigua_and_Barbuda.svg.png 2x' data-file-width='690' data-file-height='460'>"
Australia,AUS,AUS,Australia,"<img alt='' src='//upload.wikimedia.org/wikipedia/en/thumb/b/b9/Flag_of_Australia.svg/23px-Flag_of_Australia.svg.png' class='flag_image' srcset='//upload.wikimedia.org/wikipedia/en/thumb/b/b9/Flag_of_Australia.svg/35px-Flag_of_Australia.svg.png 1.5x, //upload.wikimedia.org/wikipedia/en/thumb/b/b9/Flag_of_Australia.svg/46px-Flag_of_Australia.svg.png 2x' data-file-width='1280' data-file-height='640'>"
Austria,AUT,AUT,Austria,"<img alt='' src='//upload.wikimedia.org/wikipedia/commons/thumb/4/41/Flag_of_Austria.svg/23px-Flag_of_Austria.svg.png' class='flag_image' srcset='//upload.wikimedia.org/wikipedia/commons/thumb/4/41/Flag_of_Austria.svg/35px-Flag_of_Austria.svg.png 1.5x, //upload.wikimedia.org/wikipedia/commons/thumb/4/41/Flag_of_Austria.svg/45px-Flag_of_Austria.svg.png 2x' data-file-width='900' data-file-height='600'>"
Azerbaijan,AZE,AZE,Azerbaijan,"<img alt='' src='//upload.wikimedia.org/wikipedia/commons/thumb/d/dd/Flag_of_Azerbaijan.svg/23px-Flag_of_Azerbaijan.svg.png' class='flag_image' srcset='//upload.wikimedia.org/wikipedia/commons/thumb/d/dd/Flag_of_Azerbaijan.svg/35px-Flag_of_Azerbaijan.svg.png 1.5x, //upload.wikimedia.org/wikipedia/commons/thumb/d/dd/Flag_of_Azerbaijan.svg/46px-Flag_of_Azerbaijan.svg.png 2x' data-file-width='1200' data-file-height='600'>"
Burundi,BDI,BDI,Burundi,"<img alt='' src='//upload.wikimedia.org/wikipedia/commons/thumb/5/50/Flag_of_Burundi.svg/23px-Flag_of_Burundi.svg.png' class='flag_image' srcset='//upload.wikimedia.org/wikipedia/commons/thumb/5/50/Flag_of_Burundi.svg/35px-Flag_of_Burundi.svg.png 1.5x, //upload.wikimedia.org/wikipedia/commons/thumb/5/50/Flag_of_Burundi.svg/46px-Flag_of_Burundi.svg.png 2x' data-file-width='500' data-file-height='300'>"
Belgium,BEL,BEL,Belgium,"<img alt='' src='//upload.wikimedia.org/wikipedia/commons/thumb/9/92/Flag_of_Belgium_%28civil%29.svg/23px-Flag_of_Belgium_%28civil%29.svg.png' class='flag_image' srcset='//upload.wikimedia.org/wikipedia/commons/thumb/9/92/Flag_of_Belgium_%28civil%29.svg/35px-Flag_of_Belgium_%28civil%29.svg.png 1.5x, //upload.wikimedia.org/wikipedia/commons/thumb/9/92/Flag_of_Belgium_%28civil%29.svg/45px-Flag_of_Belgium_%28civil%29.svg.png 2x' data-file-width='450' data-file-height='300'>"
Benin,BEN,BEN,Benin,"<img alt='' src='//upload.wikimedia.org/wikipedia/commons/thumb/0/0a/Flag_of_Benin.svg/23px-Flag_of_Benin.svg.png' class='flag_image' srcset='//upload.wikimedia.org/wikipedia/commons/thumb/0/0a/Flag_of_Benin.svg/35px-Flag_of_Benin.svg.png 1.5x, //upload.wikimedia.org/wikipedia/commons/thumb/0/0a/Flag_of_Benin.svg/45px-Flag_of_Benin.svg.png 2x' data-file-width='450' data-file-height='300'>"
"Bonaire, Sint Eustatius and Saba",BES,,,
Burkina Faso,BFA,BUR,Burkina Faso,"<img alt='' src='//upload.wikimedia.org/wikipedia/commons/thumb/3/31/Flag_of_Burkina_Faso.svg/23px-Flag_of_Burkina_Faso.svg.png' class='flag_image' srcset='//upload.wikimedia.org/wikipedia/commons/thumb/3/31/Flag_of_Burkina_Faso.svg/35px-Flag_of_Burkina_Faso.svg.png 1.5x, //upload.wikimedia.org/wikipedia/commons/thumb/3/31/Flag_of_Burkina_Faso.svg/45px-Flag_of_Burkina_Faso.svg.png 2x' data-file-width='900' data-file-height='600'>"
Bangladesh,BGD,BAN,Bangladesh,"<img alt='' src='//upload.wikimedia.org/wikipedia/commons/thumb/f/f9/Flag_of_Bangladesh.svg/23px-Flag_of_Bangladesh.svg.png' class='flag_image' srcset='//upload.wikimedia.org/wikipedia/commons/thumb/f/f9/Flag_of_Bangladesh.svg/35px-Flag_of_Bangladesh.svg.png 1.5x, //upload.wikimedia.org/wikipedia/commons/thumb/f/f9/Flag_of_Bangladesh.svg/46px-Flag_of_Bangladesh.svg.png 2x' data-file-width='500' data-file-height='300'>"
Bulgaria,BGR,BUL,Bulgaria,"<img alt='' src='//upload.wikimedia.org/wikipedia/commons/thumb/9/9a/Flag_of_Bulgaria.svg/23px-Flag_of_Bulgaria.svg.png' class='flag_image' srcset='//upload.wikimedia.org/wikipedia/commons/thumb/9/9a/Flag_of_Bulgaria.svg/35px-Flag_of_Bulgaria.svg.png 1.5x, //upload.wikimedia.org/wikipedia/commons/thumb/9/9a/Flag_of_Bulgaria.svg/46px-Flag_of_Bulgaria.svg.png 2x' data-file-width='1000' data-file-height='600'>"
Bahrain,BHR,BRN,Bahrain,"<img alt='' src='//upload.wikimedia.org/wikipedia/commons/thumb/2/2c/Flag_of_Bahrain.svg/23px-Flag_of_Bahrain.svg.png' class='flag_image' srcset='//upload.wikimedia.org/wikipedia/commons/thumb/2/2c/Flag_of_Bahrain.svg/35px-Flag_of_Bahrain.svg.png 1.5x, //upload.wikimedia.org/wikipedia/commons/thumb/2/2c/Flag_of_Bahrain.svg/46px-Flag_of_Bahrain.svg.png 2x' data-file-width='1500' data-file-height='900'>"
Bahamas,BHS,BAH,Bahamas,"<img alt='' src='//upload.wikimedia.org/wikipedia/commons/thumb/9/93/Flag_of_the_Bahamas.svg/23px-Flag_of_the_Bahamas.svg.png' class='flag_image' srcset='//upload.wikimedia.org/wikipedia/commons/thumb/9/93/Flag_of_the_Bahamas.svg/35px-Flag_of_the_Bahamas.svg.png 1.5x, //upload.wikimedia.org/wikipedia/commons/thumb/9/93/Flag_of_the_Bahamas.svg/46px-Flag_of_the_Bahamas.svg.png 2x' data-file-width='600' data-file-height='300'>"
Bosnia and Herzegovina,BIH,BIH,Bosnia and Herzegovina,"<img alt='' src='//upload.wikimedia.org/wikipedia/commons/thumb/b/bf/Flag_of_Bosnia_and_Herzegovina.svg/23px-Flag_of_Bosnia_and_Herzegovina.svg.png' class='flag_image' srcset='//upload.wikimedia.org/wikipedia/commons/thumb/b/bf/Flag_of_Bosnia_and_Herzegovina.svg/35px-Flag_of_Bosnia_and_Herzegovina.svg.png 1.5x, //upload.wikimedia.org/wikipedia/commons/thumb/b/bf/Flag_of_Bosnia_and_Herzegovina.svg/46px-Flag_of_Bosnia_and_Herzegovina.svg.png 2x' data-file-width='800' data-file-height='400'>"
Saint Barthélemy,BLM,,,
Belarus,BLR,BLR,Belarus,"<img alt='' src='//upload.wikimedia.org/wikipedia/commons/thumb/8/85/Flag_of_Belarus.svg/23px-Flag_of_Belarus.svg.png' class='flag_image' srcset='//upload.wikimedia.org/wikipedia/commons/thumb/8/85/Flag_of_Belarus.svg/35px-Flag_of_Belarus.svg.png 1.5x, //upload.wikimedia.org/wikipedia/commons/thumb/8/85/Flag_of_Belarus.svg/46px-Flag_of_Belarus.svg.png 2x' data-file-width='900' data-file-height='450'>"
Belize,BLZ,BIZ,Belize,"<img alt='' src='//upload.wikimedia.org/wikipedia/commons/thumb/e/e7/Flag_of_Belize.svg/23px-Flag_of_Belize.svg.png' class='flag_image' srcset='//upload.wikimedia.org/wikipedia/commons/thumb/e/e7/Flag_of_Belize.svg/35px-Flag_of_Belize.svg.png 1.5x, //upload.wikimedia.org/wikipedia/commons/thumb/e/e7/Flag_of_Belize.svg/45px-Flag_of_Belize.svg.png 2x' data-file-width='750' data-file-height='500'>"
Bermuda,BMU,BER,Bermuda,"<img alt='' src='//upload.wikimedia.org/wikipedia/commons/thumb/b/bf/Flag_of_Bermuda.svg/23px-Flag_of_Bermuda.svg.png' class='flag_image' srcset='//upload.wikimedia.org/wikipedia/commons/thumb/b/bf/Flag_of_Bermuda.svg/35px-Flag_of_Bermuda.svg.png 1.5x, //upload.wikimedia.org/wikipedia/commons/thumb/b/bf/Flag_of_Bermuda.svg/46px-Flag_of_Bermuda.svg.png 2x' data-file-width='1000' data-file-height='500'>"
"Bolivia, Plurinational State of",BOL,BOL,Bolivia,"<img alt='' src='//upload.wikimedia.org/wikipedia/commons/thumb/4/48/Flag_of_Bolivia.svg/22px-Flag_of_Bolivia.svg.png' class='flag_image' srcset='//upload.wikimedia.org/wikipedia/commons/thumb/4/48/Flag_of_Bolivia.svg/34px-Flag_of_Bolivia.svg.png 1.5x, //upload.wikimedia.org/wikipedia/commons/thumb/4/48/Flag_of_Bolivia.svg/44px-Flag_of_Bolivia.svg.png 2x' data-file-width='1100' data-file-height='750'>"
Brazil,BRA,BRA,Brazil,"<img alt='' src='//upload.wikimedia.org/wikipedia/en/thumb/0/05/Flag_of_Brazil.svg/22px-Flag_of_Brazil.svg.png' class='flag_image' srcset='//upload.wikimedia.org/wikipedia/en/thumb/0/05/Flag_of_Brazil.svg/33px-Flag_of_Brazil.svg.png 1.5x, //upload.wikimedia.org/wikipedia/en/thumb/0/05/Flag_of_Brazil.svg/43px-Flag_of_Brazil.svg.png 2x' data-file-width='720' data-file-height='504'>"
Barbados,BRB,BAR,Barbados,"<img alt='' src='//upload.wikimedia.org/wikipedia/commons/thumb/e/ef/Flag_of_Barbados.svg/23px-Flag_of_Barbados.svg.png' class='flag_image' srcset='//upload.wikimedia.org/wikipedia/commons/thumb/e/ef/Flag_of_Barbados.svg/35px-Flag_of_Barbados.svg.png 1.5x, //upload.wikimedia.org/wikipedia/commons/thumb/e/ef/Flag_of_Barbados.svg/45px-Flag_of_Barbados.svg.png 2x' data-file-width='1500' data-file-height='1000'>"
Brunei Darussalam,BRN,BRN,Bahrain,"<img alt='' src='//upload.wikimedia.org/wikipedia/commons/thumb/2/2c/Flag_of_Bahrain.svg/23px-Flag_of_Bahrain.svg.png' class='flag_image' srcset='//upload.wikimedia.org/wikipedia/commons/thumb/2/2c/Flag_of_Bahrain.svg/35px-Flag_of_Bahrain.svg.png 1.5x, //upload.wikimedia.org/wikipedia/commons/thumb/2/2c/Flag_of_Bahrain.svg/46px-Flag_of_Bahrain.svg.png 2x' data-file-width='1500' data-file-height='900'>"
Bhutan,BTN,BHU,Bhutan,"<img alt='' src='//upload.wikimedia.org/wikipedia/commons/thumb/9/91/Flag_of_Bhutan.svg/23px-Flag_of_Bhutan.svg.png' class='flag_image' srcset='//upload.wikimedia.org/wikipedia/commons/thumb/9/91/Flag_of_Bhutan.svg/35px-Flag_of_Bhutan.svg.png 1.5x, //upload.wikimedia.org/wikipedia/commons/thumb/9/91/Flag_of_Bhutan.svg/45px-Flag_of_Bhutan.svg.png 2x' data-file-width='900' data-file-height='600'>"
Bouvet Island,BVT,,,
Botswana,BWA,BOT,Botswana,"<img alt='' src='//upload.wikimedia.org/wikipedia/commons/thumb/f/fa/Flag_of_Botswana.svg/23px-Flag_of_Botswana.svg.png' class='flag_image' srcset='//upload.wikimedia.org/wikipedia/commons/thumb/f/fa/Flag_of_Botswana.svg/35px-Flag_of_Botswana.svg.png 1.5x, //upload.wikimedia.org/wikipedia/commons/thumb/f/fa/Flag_of_Botswana.svg/45px-Flag_of_Botswana.svg.png 2x' data-file-width='1200' data-file-height='800'>"
Central African Republic,CAF,CAF,Central African Republic,"<img alt='' src='//upload.wikimedia.org/wikipedia/commons/thumb/6/6f/Flag_of_the_Central_African_Republic.svg/23px-Flag_of_the_Central_African_Republic.svg.png' class='flag_image' srcset='//upload.wikimedia.org/wikipedia/commons/thumb/6/6f/Flag_of_the_Central_African_Republic.svg/35px-Flag_of_the_Central_African_Republic.svg.png 1.5x, //upload.wikimedia.org/wikipedia/commons/thumb/6/6f/Flag_of_the_Central_African_Republic.svg/45px-Flag_of_the_Central_African_Republic.svg.png 2x' data-file-width='450' data-file-height='300'>"
Canada,CAN,CAN,Canada,"<img alt='' src='//upload.wikimedia.org/wikipedia/en/thumb/c/cf/Flag_of_Canada.svg/23px-Flag_of_Canada.svg.png' class='flag_image' srcset='//upload.wikimedia.org/wikipedia/en/thumb/c/cf/Flag_of_Canada.svg/35px-Flag_of_Canada.svg.png 1.5x, //upload.wikimedia.org/wikipedia/en/thumb/c/cf/Flag_of_Canada.svg/46px-Flag_of_Canada.svg.png 2x' data-file-width='1000' data-file-height='500'>"
Cocos (Keeling) Islands,CCK,,,
Switzerland,CHE,SUI,Switzerland,"<img alt='' src='//upload.wikimedia.org/wikipedia/commons/thumb/f/f3/Flag_of_Switzerland.svg/15px-Flag_of_Switzerland.svg.png' class='flag_image' srcset='//upload.wikimedia.org/wikipedia/commons/thumb/f/f3/Flag_of_Switzerland.svg/23px-Flag_of_Switzerland.svg.png 1.5x, //upload.wikimedia.org/wikipedia/commons/thumb/f/f3/Flag_of_Switzerland.svg/30px-Flag_of_Switzerland.svg.png 2x' data-file-width='1000' data-file-height='1000'>"
Chile,CHL,CHI,Chile,"<img alt='' src='//upload.wikimedia.org/wikipedia/commons/thumb/7/78/Flag_of_Chile.svg/23px-Flag_of_Chile.svg.png' class='flag_image' srcset='//upload.wikimedia.org/wikipedia/commons/thumb/7/78/Flag_of_Chile.svg/35px-Flag_of_Chile.svg.png 1.5x, //upload.wikimedia.org/wikipedia/commons/thumb/7/78/Flag_of_Chile.svg/45px-Flag_of_Chile.svg.png 2x' data-file-width='1500' data-file-height='1000'>"
China,CHN,CHN,China,"<img alt='' src='//upload.wikimedia.org/wikipedia/commons/thumb/f/fa/Flag_of_the_People%27s_Republic_of_China.svg/23px-Flag_of_the_People%27s_Republic_of_China.svg.png' class='flag_image' srcset='//upload.wikimedia.org/wikipedia/commons/thumb/f/fa/Flag_of_the_People%27s_Republic_of_China.svg/35px-Flag_of_the_People%27s_Republic_of_China.svg.png 1.5x, //upload.wikimedia.org/wikipedia/commons/thumb/f/fa/Flag_of_the_People%27s_Republic_of_China.svg/45px-Flag_of_the_People%27s_Republic_of_China.svg.png 2x' data-file-width='900' data-file-height='600'>"
Côte d'Ivoire,CIV,CIV,Ivory Coast,"<img alt='' src='//upload.wikimedia.org/wikipedia/commons/thumb/f/fe/Flag_of_C%C3%B4te_d%27Ivoire.svg/23px-Flag_of_C%C3%B4te_d%27Ivoire.svg.png' class='flag_image' srcset='//upload.wikimedia.org/wikipedia/commons/thumb/f/fe/Flag_of_C%C3%B4te_d%27Ivoire.svg/35px-Flag_of_C%C3%B4te_d%27Ivoire.svg.png 1.5x, //upload.wikimedia.org/wikipedia/commons/thumb/f/fe/Flag_of_C%C3%B4te_d%27Ivoire.svg/45px-Flag_of_C%C3%B4te_d%27Ivoire.svg.png 2x' data-file-width='450' data-file-height='300'>"
Cameroon,CMR,CMR,Cameroon,"<img alt='' src='//upload.wikimedia.org/wikipedia/commons/thumb/4/4f/Flag_of_Cameroon.svg/23px-Flag_of_Cameroon.svg.png' class='flag_image' srcset='//upload.wikimedia.org/wikipedia/commons/thumb/4/4f/Flag_of_Cameroon.svg/35px-Flag_of_Cameroon.svg.png 1.5x, //upload.wikimedia.org/wikipedia/commons/thumb/4/4f/Flag_of_Cameroon.svg/45px-Flag_of_Cameroon.svg.png 2x' data-file-width='600' data-file-height='400'>"
"Congo, the Democratic Republic of the",COD,COD,DR Congo,"<img alt='' src='//upload.wikimedia.org/wikipedia/commons/thumb/6/6f/Flag_of_the_Democratic_Republic_of_the_Congo.svg/20px-Flag_of_the_Democratic_Republic_of_the_Congo.svg.png' class='flag_image' srcset='//upload.wikimedia.org/wikipedia/commons/thumb/6/6f/Flag_of_the_Democratic_Republic_of_the_Congo.svg/31px-Flag_of_the_Democratic_Republic_of_the_Congo.svg.png 1.5x, //upload.wikimedia.org/wikipedia/commons/thumb/6/6f/Flag_of_the_Democratic_Republic_of_the_Congo.svg/40px-Flag_of_the_Democratic_Republic_of_the_Congo.svg.png 2x' data-file-width='800' data-file-height='600'>"
Congo,COG,CGO,Congo,"<img alt='' src='//upload.wikimedia.org/wikipedia/commons/thumb/9/92/Flag_of_the_Republic_of_the_Congo.svg/23px-Flag_of_the_Republic_of_the_Congo.svg.png' class='flag_image' srcset='//upload.wikimedia.org/wikipedia/commons/thumb/9/92/Flag_of_the_Republic_of_the_Congo.svg/35px-Flag_of_the_Republic_of_the_Congo.svg.png 1.5x, //upload.wikimedia.org/wikipedia/commons/thumb/9/92/Flag_of_the_Republic_of_the_Congo.svg/45px-Flag_of_the_Republic_of_the_Congo.svg.png 2x' data-file-width='600' data-file-height='400'>"
Cook Islands,COK,COK,Cook Islands,"<img alt='' src='//upload.wikimedia.org/wikipedia/commons/thumb/3/35/Flag_of_the_Cook_Islands.svg/23px-Flag_of_the_Cook_Islands.svg.png' class='flag_image' srcset='//upload.wikimedia.org/wikipedia/commons/thumb/3/35/Flag_of_the_Cook_Islands.svg/35px-Flag_of_the_Cook_Islands.svg.png 1.5x, //upload.wikimedia.org/wikipedia/commons/thumb/3/35/Flag_of_the_Cook_Islands.svg/46px-Flag_of_the_Cook_Islands.svg.png 2x' data-file-width='600' data-file-height='300'>"
Colombia,COL,COL,Colombia,"<img alt='' src='//upload.wikimedia.org/wikipedia/commons/thumb/2/21/Flag_of_Colombia.svg/23px-Flag_of_Colombia.svg.png' class='flag_image' srcset='//upload.wikimedia.org/wikipedia/commons/thumb/2/21/Flag_of_Colombia.svg/35px-Flag_of_Colombia.svg.png 1.5x, //upload.wikimedia.org/wikipedia/commons/thumb/2/21/Flag_of_Colombia.svg/45px-Flag_of_Colombia.svg.png 2x' data-file-width='450' data-file-height='300'>"
Comoros,COM,COM,Comoros,"<img alt='' src='//upload.wikimedia.org/wikipedia/commons/thumb/9/94/Flag_of_the_Comoros.svg/23px-Flag_of_the_Comoros.svg.png' class='flag_image' srcset='//upload.wikimedia.org/wikipedia/commons/thumb/9/94/Flag_of_the_Comoros.svg/35px-Flag_of_the_Comoros.svg.png 1.5x, //upload.wikimedia.org/wikipedia/commons/thumb/9/94/Flag_of_the_Comoros.svg/46px-Flag_of_the_Comoros.svg.png 2x' data-file-width='1000' data-file-height='600'>"
Cabo Verde,CPV,CPV,Cape Verde,"<img alt='' src='//upload.wikimedia.org/wikipedia/commons/thumb/3/38/Flag_of_Cape_Verde.svg/23px-Flag_of_Cape_Verde.svg.png' class='flag_image' srcset='//upload.wikimedia.org/wikipedia/commons/thumb/3/38/Flag_of_Cape_Verde.svg/35px-Flag_of_Cape_Verde.svg.png 1.5x, //upload.wikimedia.org/wikipedia/commons/thumb/3/38/Flag_of_Cape_Verde.svg/46px-Flag_of_Cape_Verde.svg.png 2x' data-file-width='510' data-file-height='300'>"
Costa Rica,CRI,CRC,Costa Rica,"<img alt='' src='//upload.wikimedia.org/wikipedia/commons/thumb/f/f2/Flag_of_Costa_Rica.svg/23px-Flag_of_Costa_Rica.svg.png' class='flag_image' srcset='//upload.wikimedia.org/wikipedia/commons/thumb/f/f2/Flag_of_Costa_Rica.svg/35px-Flag_of_Costa_Rica.svg.png 1.5x, //upload.wikimedia.org/wikipedia/commons/thumb/f/f2/Flag_of_Costa_Rica.svg/46px-Flag_of_Costa_Rica.svg.png 2x' data-file-width='1000' data-file-height='600'>"
Cuba,CUB,CUB,Cuba,"<img alt='' src='//upload.wikimedia.org/wikipedia/commons/thumb/b/bd/Flag_of_Cuba.svg/23px-Flag_of_Cuba.svg.png' class='flag_image' srcset='//upload.wikimedia.org/wikipedia/commons/thumb/b/bd/Flag_of_Cuba.svg/35px-Flag_of_Cuba.svg.png 1.5x, //upload.wikimedia.org/wikipedia/commons/thumb/b/bd/Flag_of_Cuba.svg/46px-Flag_of_Cuba.svg.png 2x' data-file-width='800' data-file-height='400'>"
Curaçao,CUW,,,
Christmas Island,CXR,,,
Cayman Islands,CYM,CAY,Cayman Islands,"<img alt='' src='//upload.wikimedia.org/wikipedia/commons/thumb/0/0f/Flag_of_the_Cayman_Islands.svg/23px-Flag_of_the_Cayman_Islands.svg.png' class='flag_image' srcset='//upload.wikimedia.org/wikipedia/commons/thumb/0/0f/Flag_of_the_Cayman_Islands.svg/35px-Flag_of_the_Cayman_Islands.svg.png 1.5x, //upload.wikimedia.org/wikipedia/commons/thumb/0/0f/Flag_of_the_Cayman_Islands.svg/46px-Flag_of_the_Cayman_Islands.svg.png 2x' data-file-width='1200' data-file-height='600'>"
Cyprus,CYP,CYP,Cyprus,"<img alt='' src='//upload.wikimedia.org/wikipedia/commons/thumb/d/d4/Flag_of_Cyprus.svg/23px-Flag_of_Cyprus.svg.png' class='flag_image' srcset='//upload.wikimedia.org/wikipedia/commons/thumb/d/d4/Flag_of_Cyprus.svg/35px-Flag_of_Cyprus.svg.png 1.5x, //upload.wikimedia.org/wikipedia/commons/thumb/d/d4/Flag_of_Cyprus.svg/45px-Flag_of_Cyprus.svg.png 2x' data-file-width='900' data-file-height='600'>"
Czechia,CZE,CZE,Czech Republic,"<img alt='' src='//upload.wikimedia.org/wikipedia/commons/thumb/c/cb/Flag_of_the_Czech_Republic.svg/23px-Flag_of_the_Czech_Republic.svg.png' class='flag_image' srcset='//upload.wikimedia.org/wikipedia/commons/thumb/c/cb/Flag_of_the_Czech_Republic.svg/35px-Flag_of_the_Czech_Republic.svg.png 1.5x, //upload.wikimedia.org/wikipedia/commons/thumb/c/cb/Flag_of_the_Czech_Republic.svg/45px-Flag_of_the_Czech_Republic.svg.png 2x' data-file-width='900' data-file-height='600'>"
Germany,DEU,GER,Germany,"<img alt='' src='//upload.wikimedia.org/wikipedia/en/thumb/b/ba/Flag_of_Germany.svg/23px-Flag_of_Germany.svg.png' class='flag_image' srcset='//upload.wikimedia.org/wikipedia/en/thumb/b/ba/Flag_of_Germany.svg/35px-Flag_of_Germany.svg.png 1.5x, //upload.wikimedia.org/wikipedia/en/thumb/b/ba/Flag_of_Germany.svg/46px-Flag_of_Germany.svg.png 2x' data-file-width='1000' data-file-height='600'>"
Djibouti,DJI,DJI,Djibouti,"<img alt='' src='//upload.wikimedia.org/wikipedia/commons/thumb/3/34/Flag_of_Djibouti.svg/23px-Flag_of_Djibouti.svg.png' class='flag_image' srcset='//upload.wikimedia.org/wikipedia/commons/thumb/3/34/Flag_of_Djibouti.svg/35px-Flag_of_Djibouti.svg.png 1.5x, //upload.wikimedia.org/wikipedia/commons/thumb/3/34/Flag_of_Djibouti.svg/45px-Flag_of_Djibouti.svg.png 2x' data-file-width='600' data-file-height='400'>"
Dominica,DMA,DMA,Dominica,"<img alt='' src='//upload.wikimedia.org/wikipedia/commons/thumb/c/c4/Flag_of_Dominica.svg/23px-Flag_of_Dominica.svg.png' class='flag_image' srcset='//upload.wikimedia.org/wikipedia/commons/thumb/c/c4/Flag_of_Dominica.svg/35px-Flag_of_Dominica.svg.png 1.5x, //upload.wikimedia.org/wikipedia/commons/thumb/c/c4/Flag_of_Dominica.svg/46px-Flag_of_Dominica.svg.png 2x' data-file-width='1200' data-file-height='600'>"
Denmark,DNK,DEN,Denmark,"<img alt='' src='//upload.wikimedia.org/wikipedia/commons/thumb/9/9c/Flag_of_Denmark.svg/20px-Flag_of_Denmark.svg.png' class='flag_image' srcset='//upload.wikimedia.org/wikipedia/commons/thumb/9/9c/Flag_of_Denmark.svg/31px-Flag_of_Denmark.svg.png 1.5x, //upload.wikimedia.org/wikipedia/commons/thumb/9/9c/Flag_of_Denmark.svg/40px-Flag_of_Denmark.svg.png 2x' data-file-width='740' data-file-height='560'>"
Dominican Republic,DOM,DOM,Dominican Republic,"<img alt='' src='//upload.wikimedia.org/wikipedia/commons/thumb/9/9f/Flag_of_the_Dominican_Republic.svg/23px-Flag_of_the_Dominican_Republic.svg.png' class='flag_image' srcset='//upload.wikimedia.org/wikipedia/commons/thumb/9/9f/Flag_of_the_Dominican_Republic.svg/35px-Flag_of_the_Dominican_Republic.svg.png 1.5x, //upload.wikimedia.org/wikipedia/commons/thumb/9/9f/Flag_of_the_Dominican_Republic.svg/45px-Flag_of_the_Dominican_Republic.svg.png 2x' data-file-width='750' data-file-height='500'>"
Algeria,DZA,ALG,Algeria,"<img alt='' src='//upload.wikimedia.org/wikipedia/commons/thumb/7/77/Flag_of_Algeria.svg/23px-Flag_of_Algeria.svg.png' class='flag_image' srcset='//upload.wikimedia.org/wikipedia/commons/thumb/7/77/Flag_of_Algeria.svg/35px-Flag_of_Algeria.svg.png 1.5x, //upload.wikimedia.org/wikipedia/commons/thumb/7/77/Flag_of_Algeria.svg/45px-Flag_of_Algeria.svg.png 2x' data-file-width='900' data-file-height='600'>"
Ecuador,ECU,ECU,Ecuador,"<img alt='' src='//upload.wikimedia.org/wikipedia/commons/thumb/e/e8/Flag_of_Ecuador.svg/23px-Flag_of_Ecuador.svg.png' class='flag_image' srcset='//upload.wikimedia.org/wikipedia/commons/thumb/e/e8/Flag_of_Ecuador.svg/35px-Flag_of_Ecuador.svg.png 1.5x, //upload.wikimedia.org/wikipedia/commons/thumb/e/e8/Flag_of_Ecuador.svg/45px-Flag_of_Ecuador.svg.png 2x' data-file-width='1440' data-file-height='960'>"
Egypt,EGY,EGY,Egypt,"<img alt='' src='//upload.wikimedia.org/wikipedia/commons/thumb/f/fe/Flag_of_Egypt.svg/23px-Flag_of_Egypt.svg.png' class='flag_image' srcset='//upload.wikimedia.org/wikipedia/commons/thumb/f/fe/Flag_of_Egypt.svg/35px-Flag_of_Egypt.svg.png 1.5x, //upload.wikimedia.org/wikipedia/commons/thumb/f/fe/Flag_of_Egypt.svg/45px-Flag_of_Egypt.svg.png 2x' data-file-width='900' data-file-height='600'>"
Eritrea,ERI,ERI,Eritrea,"<img alt='' src='//upload.wikimedia.org/wikipedia/commons/thumb/2/29/Flag_of_Eritrea.svg/23px-Flag_of_Eritrea.svg.png' class='flag_image' srcset='//upload.wikimedia.org/wikipedia/commons/thumb/2/29/Flag_of_Eritrea.svg/35px-Flag_of_Eritrea.svg.png 1.5x, //upload.wikimedia.org/wikipedia/commons/thumb/2/29/Flag_of_Eritrea.svg/46px-Flag_of_Eritrea.svg.png 2x' data-file-width='1000' data-file-height='500'>"
Western Sahara,ESH,,,
Spain,ESP,ESP,Spain,"<img alt='' src='//upload.wikimedia.org/wikipedia/en/thumb/9/9a/Flag_of_Spain.svg/23px-Flag_of_Spain.svg.png' class='flag_image' srcset='//upload.wikimedia.org/wikipedia/en/thumb/9/9a/Flag_of_Spain.svg/35px-Flag_of_Spain.svg.png 1.5x, //upload.wikimedia.org/wikipedia/en/thumb/9/9a/Flag_of_Spain.svg/45px-Flag_of_Spain.svg.png 2x' data-file-width='750' data-file-height='500'>"
Estonia,EST,EST,Estonia,"<img alt='' src='//upload.wikimedia.org/wikipedia/commons/thumb/8/8f/Flag_of_Estonia.svg/23px-Flag_of_Estonia.svg.png' class='flag_image' srcset='//upload.wikimedia.org/wikipedia/commons/thumb/8/8f/Flag_of_Estonia.svg/35px-Flag_of_Estonia.svg.png 1.5x, //upload.wikimedia.org/wikipedia/commons/thumb/8/8f/Flag_of_Estonia.svg/46px-Flag_of_Estonia.svg.png 2x' data-file-width='990' data-file-height='630'>"
Ethiopia,ETH,ETH,Ethiopia,"<img alt='' src='//upload.wikimedia.org/wikipedia/commons/thumb/7/71/Flag_of_Ethiopia.svg/23px-Flag_of_Ethiopia.svg.png' class='flag_image' srcset='//upload.wikimedia.org/wikipedia/commons/thumb/7/71/Flag_of_Ethiopia.svg/35px-Flag_of_Ethiopia.svg.png 1.5x, //upload.wikimedia.org/wikipedia/commons/thumb/7/71/Flag_of_Ethiopia.svg/46px-Flag_of_Ethiopia.svg.png 2x' data-file-width='720' data-file-height='360'>"
Finland,FIN,FIN,Finland,"<img alt='' src='//upload.wikimedia.org/wikipedia/commons/thumb/b/bc/Flag_of_Finland.svg/23px-Flag_of_Finland.svg.png' class='flag_image' srcset='//upload.wikimedia.org/wikipedia/commons/thumb/b/bc/Flag_of_Finland.svg/35px-Flag_of_Finland.svg.png 1.5x, //upload.wikimedia.org/wikipedia/commons/thumb/b/bc/Flag_of_Finland.svg/46px-Flag_of_Finland.svg.png 2x' data-file-width='1800' data-file-height='1100'>"
Fiji,FJI,FIJ,Fiji,"<img alt='' src='//upload.wikimedia.org/wikipedia/commons/thumb/b/ba/Flag_of_Fiji.svg/23px-Flag_of_Fiji.svg.png' class='flag_image' srcset='//upload.wikimedia.org/wikipedia/commons/thumb/b/ba/Flag_of_Fiji.svg/35px-Flag_of_Fiji.svg.png 1.5x, //upload.wikimedia.org/wikipedia/commons/thumb/b/ba/Flag_of_Fiji.svg/46px-Flag_of_Fiji.svg.png 2x' data-file-width='1200' data-file-height='600'>"
Falkland Islands (Malvinas),FLK,,,
France,FRA,FRA,France,"<img alt='' src='//upload.wikimedia.org/wikipedia/en/thumb/c/c3/Flag_of_France.svg/23px-Flag_of_France.svg.png' class='flag_image' srcset='//upload.wikimedia.org/wikipedia/en/thumb/c/c3/Flag_of_France.svg/35px-Flag_of_France.svg.png 1.5x, //upload.wikimedia.org/wikipedia/en/thumb/c/c3/Flag_of_France.svg/45px-Flag_of_France.svg.png 2x' data-file-width='900' data-file-height='600'>"
Faroe Islands,FRO,,,
"Micronesia, Federated States of",FSM,FSM,Federated States of Micronesia,"<img alt='' src='//upload.wikimedia.org/wikipedia/commons/thumb/e/e4/Flag_of_the_Federated_States_of_Micronesia.svg/23px-Flag_of_the_Federated_States_of_Micronesia.svg.png' class='flag_image' srcset='//upload.wikimedia.org/wikipedia/commons/thumb/e/e4/Flag_of_the_Federated_States_of_Micronesia.svg/35px-Flag_of_the_Federated_States_of_Micronesia.svg.png 1.5x, //upload.wikimedia.org/wikipedia/commons/thumb/e/e4/Flag_of_the_Federated_States_of_Micronesia.svg/46px-Flag_of_the_Federated_States_of_Micronesia.svg.png 2x' data-file-width='760' data-file-height='400'>"
Gabon,GAB,GAB,Gabon,"<img alt='' src='//upload.wikimedia.org/wikipedia/commons/thumb/0/04/Flag_of_Gabon.svg/20px-Flag_of_Gabon.svg.png' class='flag_image' srcset='//upload.wikimedia.org/wikipedia/commons/thumb/0/04/Flag_of_Gabon.svg/31px-Flag_of_Gabon.svg.png 1.5x, //upload.wikimedia.org/wikipedia/commons/thumb/0/04/Flag_of_Gabon.svg/40px-Flag_of_Gabon.svg.png 2x' data-file-width='400' data-file-height='300'>"
United Kingdom,GBR,GBR,Great Britain,"<img alt='' src='//upload.wikimedia.org/wikipedia/en/thumb/a/ae/Flag_of_the_United_Kingdom.svg/23px-Flag_of_the_United_Kingdom.svg.png' class='flag_image' srcset='//upload.wikimedia.org/wikipedia/en/thumb/a/ae/Flag_of_the_United_Kingdom.svg/35px-Flag_of_the_United_Kingdom.svg.png 1.5x, //upload.wikimedia.org/wikipedia/en/thumb/a/ae/Flag_of_the_United_Kingdom.svg/46px-Flag_of_the_United_Kingdom.svg.png 2x' data-file-width='1200' data-file-height='600'>"
Georgia,GEO,GEO,Georgia,"<img alt='' src='//upload.wikimedia.org/wikipedia/commons/thumb/0/0f/Flag_of_Georgia.svg/23px-Flag_of_Georgia.svg.png' class='flag_image' srcset='//upload.wikimedia.org/wikipedia/commons/thumb/0/0f/Flag_of_Georgia.svg/35px-Flag_of_Georgia.svg.png 1.5x, //upload.wikimedia.org/wikipedia/commons/thumb/0/0f/Flag_of_Georgia.svg/45px-Flag_of_Georgia.svg.png 2x' data-file-width='900' data-file-height='600'>"
Guernsey,GGY,,,
Ghana,GHA,GHA,Ghana,"<img alt='' src='//upload.wikimedia.org/wikipedia/commons/thumb/1/19/Flag_of_Ghana.svg/23px-Flag_of_Ghana.svg.png' class='flag_image' srcset='//upload.wikimedia.org/wikipedia/commons/thumb/1/19/Flag_of_Ghana.svg/35px-Flag_of_Ghana.svg.png 1.5x, //upload.wikimedia.org/wikipedia/commons/thumb/1/19/Flag_of_Ghana.svg/45px-Flag_of_Ghana.svg.png 2x' data-file-width='450' data-file-height='300'>"
Gibraltar,GIB,,,
Guinea,GIN,GUI,Guinea,"<img alt='' src='//upload.wikimedia.org/wikipedia/commons/thumb/e/ed/Flag_of_Guinea.svg/23px-Flag_of_Guinea.svg.png' class='flag_image' srcset='//upload.wikimedia.org/wikipedia/commons/thumb/e/ed/Flag_of_Guinea.svg/35px-Flag_of_Guinea.svg.png 1.5x, //upload.wikimedia.org/wikipedia/commons/thumb/e/ed/Flag_of_Guinea.svg/45px-Flag_of_Guinea.svg.png 2x' data-file-width='450' data-file-height='300'>"
Guadeloupe,GLP,,,
Gambia,GMB,,,
Guinea-Bissau,GNB,GBS,Guinea-Bissau,"<img alt='' src='//upload.wikimedia.org/wikipedia/commons/thumb/0/01/Flag_of_Guinea-Bissau.svg/23px-Flag_of_Guinea-Bissau.svg.png' class='flag_image' srcset='//upload.wikimedia.org/wikipedia/commons/thumb/0/01/Flag_of_Guinea-Bissau.svg/35px-Flag_of_Guinea-Bissau.svg.png 1.5x, //upload.wikimedia.org/wikipedia/commons/thumb/0/01/Flag_of_Guinea-Bissau.svg/46px-Flag_of_Guinea-Bissau.svg.png 2x' data-file-width='1200' data-file-height='600'>"
Equatorial Guinea,GNQ,GEQ,Equatorial Guinea,"<img alt='' src='//upload.wikimedia.org/wikipedia/commons/thumb/3/31/Flag_of_Equatorial_Guinea.svg/23px-Flag_of_Equatorial_Guinea.svg.png' class='flag_image' srcset='//upload.wikimedia.org/wikipedia/commons/thumb/3/31/Flag_of_Equatorial_Guinea.svg/35px-Flag_of_Equatorial_Guinea.svg.png 1.5x, //upload.wikimedia.org/wikipedia/commons/thumb/3/31/Flag_of_Equatorial_Guinea.svg/45px-Flag_of_Equatorial_Guinea.svg.png 2x' data-file-width='1200' data-file-height='800'>"
Greece,GRC,GRE,Greece,"<img alt='' src='//upload.wikimedia.org/wikipedia/commons/thumb/5/5c/Flag_of_Greece.svg/23px-Flag_of_Greece.svg.png' class='flag_image' srcset='//upload.wikimedia.org/wikipedia/commons/thumb/5/5c/Flag_of_Greece.svg/35px-Flag_of_Greece.svg.png 1.5x, //upload.wikimedia.org/wikipedia/commons/thumb/5/5c/Flag_of_Greece.svg/45px-Flag_of_Greece.svg.png 2x' data-file-width='600' data-file-height='400'>"
Grenada,GRD,GRN,Grenada,"<img alt='' src='//upload.wikimedia.org/wikipedia/commons/thumb/b/bc/Flag_of_Grenada.svg/23px-Flag_of_Grenada.svg.png' class='flag_image' srcset='//upload.wikimedia.org/wikipedia/commons/thumb/b/bc/Flag_of_Grenada.svg/35px-Flag_of_Grenada.svg.png 1.5x, //upload.wikimedia.org/wikipedia/commons/thumb/b/bc/Flag_of_Grenada.svg/46px-Flag_of_Grenada.svg.png 2x' data-file-width='600' data-file-height='360'>"
Greenland,GRL,,,
Guatemala,GTM,GUA,Guatemala,"<img alt='' src='//upload.wikimedia.org/wikipedia/commons/thumb/e/ec/Flag_of_Guatemala.svg/23px-Flag_of_Guatemala.svg.png' class='flag_image' srcset='//upload.wikimedia.org/wikipedia/commons/thumb/e/ec/Flag_of_Guatemala.svg/35px-Flag_of_Guatemala.svg.png 1.5x, //upload.wikimedia.org/wikipedia/commons/thumb/e/ec/Flag_of_Guatemala.svg/46px-Flag_of_Guatemala.svg.png 2x' data-file-width='960' data-file-height='600'>"
French Guiana,GUF,,,
Guam,GUM,GUM,Guam,"<img alt='' src='//upload.wikimedia.org/wikipedia/commons/thumb/0/07/Flag_of_Guam.svg/23px-Flag_of_Guam.svg.png' class='flag_image' srcset='//upload.wikimedia.org/wikipedia/commons/thumb/0/07/Flag_of_Guam.svg/35px-Flag_of_Guam.svg.png 1.5x, //upload.wikimedia.org/wikipedia/commons/thumb/0/07/Flag_of_Guam.svg/46px-Flag_of_Guam.svg.png 2x' data-file-width='769' data-file-height='413'>"
Guyana,GUY,GUY,Guyana,"<img alt='' src='//upload.wikimedia.org/wikipedia/commons/thumb/9/99/Flag_of_Guyana.svg/23px-Flag_of_Guyana.svg.png' class='flag_image' srcset='//upload.wikimedia.org/wikipedia/commons/thumb/9/99/Flag_of_Guyana.svg/35px-Flag_of_Guyana.svg.png 1.5x, //upload.wikimedia.org/wikipedia/commons/thumb/9/99/Flag_of_Guyana.svg/46px-Flag_of_Guyana.svg.png 2x' data-file-width='500' data-file-height='300'>"
Hong Kong,HKG,HKG,Hong Kong,"<img alt='' src='//upload.wikimedia.org/wikipedia/commons/thumb/5/5b/Flag_of_Hong_Kong.svg/23px-Flag_of_Hong_Kong.svg.png' class='flag_image' srcset='//upload.wikimedia.org/wikipedia/commons/thumb/5/5b/Flag_of_Hong_Kong.svg/35px-Flag_of_Hong_Kong.svg.png 1.5x, //upload.wikimedia.org/wikipedia/commons/thumb/5/5b/Flag_of_Hong_Kong.svg/45px-Flag_of_Hong_Kong.svg.png 2x' data-file-width='900' data-file-height='600'>"
Heard Island and McDonald Islands,HMD,,,
Honduras,HND,HON,Honduras,"<img alt='' src='//upload.wikimedia.org/wikipedia/commons/thumb/8/82/Flag_of_Honduras.svg/23px-Flag_of_Honduras.svg.png' class='flag_image' srcset='//upload.wikimedia.org/wikipedia/commons/thumb/8/82/Flag_of_Honduras.svg/35px-Flag_of_Honduras.svg.png 1.5x, //upload.wikimedia.org/wikipedia/commons/thumb/8/82/Flag_of_Honduras.svg/46px-Flag_of_Honduras.svg.png 2x' data-file-width='1000' data-file-height='500'>"
Croatia,HRV,CRO,Croatia,"<img alt='' src='//upload.wikimedia.org/wikipedia/commons/thumb/1/1b/Flag_of_Croatia.svg/23px-Flag_of_Croatia.svg.png' class='flag_image' srcset='//upload.wikimedia.org/wikipedia/commons/thumb/1/1b/Flag_of_Croatia.svg/35px-Flag_of_Croatia.svg.png 1.5x, //upload.wikimedia.org/wikipedia/commons/thumb/1/1b/Flag_of_Croatia.svg/46px-Flag_of_Croatia.svg.png 2x' data-file-width='1200' data-file-height='600'>"
Haiti,HTI,HAI,Haiti,"<img alt='' src='//upload.wikimedia.org/wikipedia/commons/thumb/5/56/Flag_of_Haiti.svg/23px-Flag_of_Haiti.svg.png' class='flag_image' srcset='//upload.wikimedia.org/wikipedia/commons/thumb/5/56/Flag_of_Haiti.svg/35px-Flag_of_Haiti.svg.png 1.5x, //upload.wikimedia.org/wikipedia/commons/thumb/5/56/Flag_of_Haiti.svg/46px-Flag_of_Haiti.svg.png 2x' data-file-width='500' data-file-height='300'>"
Hungary,HUN,HUN,Hungary,"<img alt='' src='//upload.wikimedia.org/wikipedia/commons/thumb/c/c1/Flag_of_Hungary.svg/23px-Flag_of_Hungary.svg.png' class='flag_image' srcset='//upload.wikimedia.org/wikipedia/commons/thumb/c/c1/Flag_of_Hungary.svg/35px-Flag_of_Hungary.svg.png 1.5x, //upload.wikimedia.org/wikipedia/commons/thumb/c/c1/Flag_of_Hungary.svg/46px-Flag_of_Hungary.svg.png 2x' data-file-width='1200' data-file-height='600'>"
Indonesia,IDN,INA,Indonesia,"<img alt='' src='//upload.wikimedia.org/wikipedia/commons/thumb/9/9f/Flag_of_Indonesia.svg/23px-Flag_of_Indonesia.svg.png' class='flag_image' srcset='//upload.wikimedia.org/wikipedia/commons/thumb/9/9f/Flag_of_Indonesia.svg/35px-Flag_of_Indonesia.svg.png 1.5x, //upload.wikimedia.org/wikipedia/commons/thumb/9/9f/Flag_of_Indonesia.svg/45px-Flag_of_Indonesia.svg.png 2x' data-file-width='450' data-file-height='300'>"
Isle of Man,IMN,,,
India,IND,IND,India,"<img alt='' src='//upload.wikimedia.org/wikipedia/en/thumb/4/41/Flag_of_India.svg/23px-Flag_of_India.svg.png' class='flag_image' srcset='//upload.wikimedia.org/wikipedia/en/thumb/4/41/Flag_of_India.svg/35px-Flag_of_India.svg.png 1.5x, //upload.wikimedia.org/wikipedia/en/thumb/4/41/Flag_of_India.svg/45px-Flag_of_India.svg.png 2x' data-file-width='1350' data-file-height='900'>"
British Indian Ocean Territory,IOT,,,
Ireland,IRL,IRL,Ireland,"<img alt='' src='//upload.wikimedia.org/wikipedia/commons/thumb/4/45/Flag_of_Ireland.svg/23px-Flag_of_Ireland.svg.png' class='flag_image' srcset='//upload.wikimedia.org/wikipedia/commons/thumb/4/45/Flag_of_Ireland.svg/35px-Flag_of_Ireland.svg.png 1.5x, //upload.wikimedia.org/wikipedia/commons/thumb/4/45/Flag_of_Ireland.svg/46px-Flag_of_Ireland.svg.png 2x' data-file-width='1200' data-file-height='600'>"
Iran,IRN,IRI,Iran,"<img alt='' src='//upload.wikimedia.org/wikipedia/commons/thumb/c/ca/Flag_of_Iran.svg/23px-Flag_of_Iran.svg.png' class='flag_image' srcset='//upload.wikimedia.org/wikipedia/commons/thumb/c/ca/Flag_of_Iran.svg/35px-Flag_of_Iran.svg.png 1.5x, //upload.wikimedia.org/wikipedia/commons/thumb/c/ca/Flag_of_Iran.svg/46px-Flag_of_Iran.svg.png 2x' data-file-width='630' data-file-height='360'>"
Iraq,IRQ,IRQ,Iraq,"<img alt='' src='//upload.wikimedia.org/wikipedia/commons/thumb/f/f6/Flag_of_Iraq.svg/23px-Flag_of_Iraq.svg.png' class='flag_image' srcset='//upload.wikimedia.org/wikipedia/commons/thumb/f/f6/Flag_of_Iraq.svg/35px-Flag_of_Iraq.svg.png 1.5x, //upload.wikimedia.org/wikipedia/commons/thumb/f/f6/Flag_of_Iraq.svg/45px-Flag_of_Iraq.svg.png 2x' data-file-width='411' data-file-height='274'>"
Iceland,ISL,ISL,Iceland,"<img alt='' src='//upload.wikimedia.org/wikipedia/commons/thumb/c/ce/Flag_of_Iceland.svg/21px-Flag_of_Iceland.svg.png' class='flag_image' srcset='//upload.wikimedia.org/wikipedia/commons/thumb/c/ce/Flag_of_Iceland.svg/32px-Flag_of_Iceland.svg.png 1.5x, //upload.wikimedia.org/wikipedia/commons/thumb/c/ce/Flag_of_Iceland.svg/42px-Flag_of_Iceland.svg.png 2x' data-file-width='800' data-file-height='576'>"
Israel,ISR,ISR,Israel,"<img alt='' src='//upload.wikimedia.org/wikipedia/commons/thumb/d/d4/Flag_of_Israel.svg/21px-Flag_of_Israel.svg.png' class='flag_image' srcset='//upload.wikimedia.org/wikipedia/commons/thumb/d/d4/Flag_of_Israel.svg/32px-Flag_of_Israel.svg.png 1.5x, //upload.wikimedia.org/wikipedia/commons/thumb/d/d4/Flag_of_Israel.svg/41px-Flag_of_Israel.svg.png 2x' data-file-width='660' data-file-height='480'>"
Italy,ITA,ITA,Italy,"<img alt='' src='//upload.wikimedia.org/wikipedia/en/thumb/0/03/Flag_of_Italy.svg/23px-Flag_of_Italy.svg.png' class='flag_image' srcset='//upload.wikimedia.org/wikipedia/en/thumb/0/03/Flag_of_Italy.svg/35px-Flag_of_Italy.svg.png 1.5x, //upload.wikimedia.org/wikipedia/en/thumb/0/03/Flag_of_Italy.svg/45px-Flag_of_Italy.svg.png 2x' data-file-width='1500' data-file-height='1000'>"
Jamaica,JAM,JAM,Jamaica,"<img alt='' src='//upload.wikimedia.org/wikipedia/commons/thumb/0/0a/Flag_of_Jamaica.svg/23px-Flag_of_Jamaica.svg.png' class='flag_image' srcset='//upload.wikimedia.org/wikipedia/commons/thumb/0/0a/Flag_of_Jamaica.svg/35px-Flag_of_Jamaica.svg.png 1.5x, //upload.wikimedia.org/wikipedia/commons/thumb/0/0a/Flag_of_Jamaica.svg/46px-Flag_of_Jamaica.svg.png 2x' data-file-width='600' data-file-height='300'>"
Jersey,JEY,,,
Jordan,JOR,JOR,Jordan,"<img alt='' src='//upload.wikimedia.org/wikipedia/commons/thumb/c/c0/Flag_of_Jordan.svg/23px-Flag_of_Jordan.svg.png' class='flag_image' srcset='//upload.wikimedia.org/wikipedia/commons/thumb/c/c0/Flag_of_Jordan.svg/35px-Flag_of_Jordan.svg.png 1.5x, //upload.wikimedia.org/wikipedia/commons/thumb/c/c0/Flag_of_Jordan.svg/46px-Flag_of_Jordan.svg.png 2x' data-file-width='840' data-file-height='420'>"
Japan,JPN,JPN,Japan,"<img alt='' src='//upload.wikimedia.org/wikipedia/en/thumb/9/9e/Flag_of_Japan.svg/23px-Flag_of_Japan.svg.png' class='flag_image' srcset='//upload.wikimedia.org/wikipedia/en/thumb/9/9e/Flag_of_Japan.svg/35px-Flag_of_Japan.svg.png 1.5x, //upload.wikimedia.org/wikipedia/en/thumb/9/9e/Flag_of_Japan.svg/45px-Flag_of_Japan.svg.png 2x' data-file-width='900' data-file-height='600'>"
Kazakhstan,KAZ,KAZ,Kazakhstan,"<img alt='' src='//upload.wikimedia.org/wikipedia/commons/thumb/d/d3/Flag_of_Kazakhstan.svg/23px-Flag_of_Kazakhstan.svg.png' class='flag_image' srcset='//upload.wikimedia.org/wikipedia/commons/thumb/d/d3/Flag_of_Kazakhstan.svg/35px-Flag_of_Kazakhstan.svg.png 1.5x, //upload.wikimedia.org/wikipedia/commons/thumb/d/d3/Flag_of_Kazakhstan.svg/46px-Flag_of_Kazakhstan.svg.png 2x' data-file-width='600' data-file-height='300'>"
Kenya,KEN,KEN,Kenya,"<img alt='' src='//upload.wikimedia.org/wikipedia/commons/thumb/4/49/Flag_of_Kenya.svg/23px-Flag_of_Kenya.svg.png' class='flag_image' srcset='//upload.wikimedia.org/wikipedia/commons/thumb/4/49/Flag_of_Kenya.svg/35px-Flag_of_Kenya.svg.png 1.5x, //upload.wikimedia.org/wikipedia/commons/thumb/4/49/Flag_of_Kenya.svg/45px-Flag_of_Kenya.svg.png 2x' data-file-width='900' data-file-height='600'>"
Kyrgyzstan,KGZ,KGZ,Kyrgyzstan,"<img alt='' src='//upload.wikimedia.org/wikipedia/commons/thumb/c/c7/Flag_of_Kyrgyzstan.svg/23px-Flag_of_Kyrgyzstan.svg.png' class='flag_image' srcset='//upload.wikimedia.org/wikipedia/commons/thumb/c/c7/Flag_of_Kyrgyzstan.svg/35px-Flag_of_Kyrgyzstan.svg.png 1.5x, //upload.wikimedia.org/wikipedia/commons/thumb/c/c7/Flag_of_Kyrgyzstan.svg/46px-Flag_of_Kyrgyzstan.svg.png 2x' data-file-width='750' data-file-height='450'>"
Cambodia,KHM,CAM,Cambodia,"<img alt='' src='//upload.wikimedia.org/wikipedia/commons/thumb/8/83/Flag_of_Cambodia.svg/23px-Flag_of_Cambodia.svg.png' class='flag_image' srcset='//upload.wikimedia.org/wikipedia/commons/thumb/8/83/Flag_of_Cambodia.svg/35px-Flag_of_Cambodia.svg.png 1.5x, //upload.wikimedia.org/wikipedia/commons/thumb/8/83/Flag_of_Cambodia.svg/46px-Flag_of_Cambodia.svg.png 2x' data-file-width='625' data-file-height='400'>"
Kiribati,KIR,KIR,Kiribati,"<img alt='' src='//upload.wikimedia.org/wikipedia/commons/thumb/d/d3/Flag_of_Kiribati.svg/23px-Flag_of_Kiribati.svg.png' class='flag_image' srcset='//upload.wikimedia.org/wikipedia/commons/thumb/d/d3/Flag_of_Kiribati.svg/35px-Flag_of_Kiribati.svg.png 1.5x, //upload.wikimedia.org/wikipedia/commons/thumb/d/d3/Flag_of_Kiribati.svg/46px-Flag_of_Kiribati.svg.png 2x' data-file-width='600' data-file-height='300'>"
Saint Kitts and Nevis,KNA,SKN,Saint Kitts and Nevis,"<img alt='' src='//upload.wikimedia.org/wikipedia/commons/thumb/f/fe/Flag_of_Saint_Kitts_and_Nevis.svg/23px-Flag_of_Saint_Kitts_and_Nevis.svg.png' class='flag_image' srcset='//upload.wikimedia.org/wikipedia/commons/thumb/f/fe/Flag_of_Saint_Kitts_and_Nevis.svg/35px-Flag_of_Saint_Kitts_and_Nevis.svg.png 1.5x, //upload.wikimedia.org/wikipedia/commons/thumb/f/fe/Flag_of_Saint_Kitts_and_Nevis.svg/45px-Flag_of_Saint_Kitts_and_Nevis.svg.png 2x' data-file-width='750' data-file-height='500'>"
Korea,KOR,KOR,South Korea,"<img alt='' src='//upload.wikimedia.org/wikipedia/commons/thumb/0/09/Flag_of_South_Korea.svg/23px-Flag_of_South_Korea.svg.png' class='flag_image' srcset='//upload.wikimedia.org/wikipedia/commons/thumb/0/09/Flag_of_South_Korea.svg/35px-Flag_of_South_Korea.svg.png 1.5x, //upload.wikimedia.org/wikipedia/commons/thumb/0/09/Flag_of_South_Korea.svg/45px-Flag_of_South_Korea.svg.png 2x' data-file-width='900' data-file-height='600'>"
Kuwait,KWT,KUW,Kuwait,"<img alt='' src='//upload.wikimedia.org/wikipedia/commons/thumb/a/aa/Flag_of_Kuwait.svg/23px-Flag_of_Kuwait.svg.png' class='flag_image' srcset='//upload.wikimedia.org/wikipedia/commons/thumb/a/aa/Flag_of_Kuwait.svg/35px-Flag_of_Kuwait.svg.png 1.5x, //upload.wikimedia.org/wikipedia/commons/thumb/a/aa/Flag_of_Kuwait.svg/46px-Flag_of_Kuwait.svg.png 2x' data-file-width='1200' data-file-height='600'>"
Lao People's Democratic Republic,LAO,LAO,Laos,"<img alt='' src='//upload.wikimedia.org/wikipedia/commons/thumb/5/56/Flag_of_Laos.svg/23px-Flag_of_Laos.svg.png' class='flag_image' srcset='//upload.wikimedia.org/wikipedia/commons/thumb/5/56/Flag_of_Laos.svg/35px-Flag_of_Laos.svg.png 1.5x, //upload.wikimedia.org/wikipedia/commons/thumb/5/56/Flag_of_Laos.svg/45px-Flag_of_Laos.svg.png 2x' data-file-width='600' data-file-height='400'>"
Lebanon,LBN,LBN,Lebanon,"<img alt='' src='//upload.wikimedia.org/wikipedia/commons/thumb/5/59/Flag_of_Lebanon.svg/23px-Flag_of_Lebanon.svg.png' class='flag_image' srcset='//upload.wikimedia.org/wikipedia/commons/thumb/5/59/Flag_of_Lebanon.svg/35px-Flag_of_Lebanon.svg.png 1.5x, //upload.wikimedia.org/wikipedia/commons/thumb/5/59/Flag_of_Lebanon.svg/45px-Flag_of_Lebanon.svg.png 2x' data-file-width='750' data-file-height='500'>"
Liberia,LBR,LBR,Liberia,"<img alt='' src='//upload.wikimedia.org/wikipedia/commons/thumb/b/b8/Flag_of_Liberia.svg/23px-Flag_of_Liberia.svg.png' class='flag_image' srcset='//upload.wikimedia.org/wikipedia/commons/thumb/b/b8/Flag_of_Liberia.svg/35px-Flag_of_Liberia.svg.png 1.5x, //upload.wikimedia.org/wikipedia/commons/thumb/b/b8/Flag_of_Liberia.svg/46px-Flag_of_Liberia.svg.png 2x' data-file-width='1140' data-file-height='600'>"
Libya,LBY,LBA,Libya,"<img alt='' src='//upload.wikimedia.org/wikipedia/commons/thumb/0/05/Flag_of_Libya.svg/23px-Flag_of_Libya.svg.png' class='flag_image' srcset='//upload.wikimedia.org/wikipedia/commons/thumb/0/05/Flag_of_Libya.svg/35px-Flag_of_Libya.svg.png 1.5x, //upload.wikimedia.org/wikipedia/commons/thumb/0/05/Flag_of_Libya.svg/46px-Flag_of_Libya.svg.png 2x' data-file-width='960' data-file-height='480'>"
Saint Lucia,LCA,LCA,Saint Lucia,"<img alt='' src='//upload.wikimedia.org/wikipedia/commons/thumb/9/9f/Flag_of_Saint_Lucia.svg/23px-Flag_of_Saint_Lucia.svg.png' class='flag_image' srcset='//upload.wikimedia.org/wikipedia/commons/thumb/9/9f/Flag_of_Saint_Lucia.svg/35px-Flag_of_Saint_Lucia.svg.png 1.5x, //upload.wikimedia.org/wikipedia/commons/thumb/9/9f/Flag_of_Saint_Lucia.svg/46px-Flag_of_Saint_Lucia.svg.png 2x' data-file-width='1200' data-file-height='600'>"
Liechtenstein,LIE,LIE,Liechtenstein,"<img alt='' src='//upload.wikimedia.org/wikipedia/commons/thumb/4/47/Flag_of_Liechtenstein.svg/23px-Flag_of_Liechtenstein.svg.png' class='flag_image' srcset='//upload.wikimedia.org/wikipedia/commons/thumb/4/47/Flag_of_Liechtenstein.svg/35px-Flag_of_Liechtenstein.svg.png 1.5x, //upload.wikimedia.org/wikipedia/commons/thumb/4/47/Flag_of_Liechtenstein.svg/46px-Flag_of_Liechtenstein.svg.png 2x' data-file-width='1000' data-file-height='600'>"
Sri Lanka,LKA,SRI,Sri Lanka,"<img alt='' src='//upload.wikimedia.org/wikipedia/commons/thumb/1/11/Flag_of_Sri_Lanka.svg/23px-Flag_of_Sri_Lanka.svg.png' class='flag_image' srcset='//upload.wikimedia.org/wikipedia/commons/thumb/1/11/Flag_of_Sri_Lanka.svg/35px-Flag_of_Sri_Lanka.svg.png 1.5x, //upload.wikimedia.org/wikipedia/commons/thumb/1/11/Flag_of_Sri_Lanka.svg/46px-Flag_of_Sri_Lanka.svg.png 2x' data-file-width='1200' data-file-height='600'>"
Lesotho,LSO,LES,Lesotho,"<img alt='' src='//upload.wikimedia.org/wikipedia/commons/thumb/4/4a/Flag_of_Lesotho.svg/23px-Flag_of_Lesotho.svg.png' class='flag_image' srcset='//upload.wikimedia.org/wikipedia/commons/thumb/4/4a/Flag_of_Lesotho.svg/35px-Flag_of_Lesotho.svg.png 1.5x, //upload.wikimedia.org/wikipedia/commons/thumb/4/4a/Flag_of_Lesotho.svg/45px-Flag_of_Lesotho.svg.png 2x' data-file-width='900' data-file-height='600'>"
Lithuania,LTU,LTU,Lithuania,"<img alt='' src='//upload.wikimedia.org/wikipedia/commons/thumb/1/11/Flag_of_Lithuania.svg/23px-Flag_of_Lithuania.svg.png' class='flag_image' srcset='//upload.wikimedia.org/wikipedia/commons/thumb/1/11/Flag_of_Lithuania.svg/35px-Flag_of_Lithuania.svg.png 1.5x, //upload.wikimedia.org/wikipedia/commons/thumb/1/11/Flag_of_Lithuania.svg/46px-Flag_of_Lithuania.svg.png 2x' data-file-width='500' data-file-height='300'>"
Luxembourg,LUX,LUX,Luxembourg,"<img alt='' src='//upload.wikimedia.org/wikipedia/commons/thumb/d/da/Flag_of_Luxembourg.svg/23px-Flag_of_Luxembourg.svg.png' class='flag_image' srcset='//upload.wikimedia.org/wikipedia/commons/thumb/d/da/Flag_of_Luxembourg.svg/35px-Flag_of_Luxembourg.svg.png 1.5x, //upload.wikimedia.org/wikipedia/commons/thumb/d/da/Flag_of_Luxembourg.svg/46px-Flag_of_Luxembourg.svg.png 2x' data-file-width='1000' data-file-height='600'>"
Latvia,LVA,LAT,Latvia,"<img alt='' src='//upload.wikimedia.org/wikipedia/commons/thumb/8/84/Flag_of_Latvia.svg/23px-Flag_of_Latvia.svg.png' class='flag_image' srcset='//upload.wikimedia.org/wikipedia/commons/thumb/8/84/Flag_of_Latvia.svg/35px-Flag_of_Latvia.svg.png 1.5x, //upload.wikimedia.org/wikipedia/commons/thumb/8/84/Flag_of_Latvia.svg/46px-Flag_of_Latvia.svg.png 2x' data-file-width='1200' data-file-height='600'>"
Macao,MAC,,,
Saint Martin (French part),MAF,,,
Morocco,MAR,MAR,Morocco,"<img alt='' src='//upload.wikimedia.org/wikipedia/commons/thumb/2/2c/Flag_of_Morocco.svg/23px-Flag_of_Morocco.svg.png' class='flag_image' srcset='//upload.wikimedia.org/wikipedia/commons/thumb/2/2c/Flag_of_Morocco.svg/35px-Flag_of_Morocco.svg.png 1.5x, //upload.wikimedia.org/wikipedia/commons/thumb/2/2c/Flag_of_Morocco.svg/45px-Flag_of_Morocco.svg.png 2x' data-file-width='900' data-file-height='600'>"
Monaco,MCO,MON,Monaco,"<img alt='' src='//upload.wikimedia.org/wikipedia/commons/thumb/e/ea/Flag_of_Monaco.svg/19px-Flag_of_Monaco.svg.png' class='flag_image' srcset='//upload.wikimedia.org/wikipedia/commons/thumb/e/ea/Flag_of_Monaco.svg/29px-Flag_of_Monaco.svg.png 1.5x, //upload.wikimedia.org/wikipedia/commons/thumb/e/ea/Flag_of_Monaco.svg/38px-Flag_of_Monaco.svg.png 2x' data-file-width='750' data-file-height='600'>"
"Moldova, Republic of",MDA,MDA,Moldova,"<img alt='' src='//upload.wikimedia.org/wikipedia/commons/thumb/2/27/Flag_of_Moldova.svg/23px-Flag_of_Moldova.svg.png' class='flag_image' srcset='//upload.wikimedia.org/wikipedia/commons/thumb/2/27/Flag_of_Moldova.svg/35px-Flag_of_Moldova.svg.png 1.5x, //upload.wikimedia.org/wikipedia/commons/thumb/2/27/Flag_of_Moldova.svg/46px-Flag_of_Moldova.svg.png 2x' data-file-width='1800' data-file-height='900'>"
Madagascar,MDG,MAD,Madagascar,"<img alt='' src='//upload.wikimedia.org/wikipedia/commons/thumb/b/bc/Flag_of_Madagascar.svg/23px-Flag_of_Madagascar.svg.png' class='flag_image' srcset='//upload.wikimedia.org/wikipedia/commons/thumb/b/bc/Flag_of_Madagascar.svg/35px-Flag_of_Madagascar.svg.png 1.5x, //upload.wikimedia.org/wikipedia/commons/thumb/b/bc/Flag_of_Madagascar.svg/45px-Flag_of_Madagascar.svg.png 2x' data-file-width='900' data-file-height='600'>"
Maldives,MDV,MDV,Maldives,"<img alt='' src='//upload.wikimedia.org/wikipedia/commons/thumb/0/0f/Flag_of_Maldives.svg/23px-Flag_of_Maldives.svg.png' class='flag_image' srcset='//upload.wikimedia.org/wikipedia/commons/thumb/0/0f/Flag_of_Maldives.svg/35px-Flag_of_Maldives.svg.png 1.5x, //upload.wikimedia.org/wikipedia/commons/thumb/0/0f/Flag_of_Maldives.svg/45px-Flag_of_Maldives.svg.png 2x' data-file-width='720' data-file-height='480'>"
Mexico,MEX,MEX,Mexico,"<img alt='' src='//upload.wikimedia.org/wikipedia/commons/thumb/f/fc/Flag_of_Mexico.svg/23px-Flag_of_Mexico.svg.png' class='flag_image' srcset='//upload.wikimedia.org/wikipedia/commons/thumb/f/fc/Flag_of_Mexico.svg/35px-Flag_of_Mexico.svg.png 1.5x, //upload.wikimedia.org/wikipedia/commons/thumb/f/fc/Flag_of_Mexico.svg/46px-Flag_of_Mexico.svg.png 2x' data-file-width='840' data-file-height='480'>"
Marshall Islands,MHL,MHL,Marshall Islands,"<img alt='' src='//upload.wikimedia.org/wikipedia/commons/thumb/2/2e/Flag_of_the_Marshall_Islands.svg/23px-Flag_of_the_Marshall_Islands.svg.png' class='flag_image' srcset='//upload.wikimedia.org/wikipedia/commons/thumb/2/2e/Flag_of_the_Marshall_Islands.svg/35px-Flag_of_the_Marshall_Islands.svg.png 1.5x, //upload.wikimedia.org/wikipedia/commons/thumb/2/2e/Flag_of_the_Marshall_Islands.svg/46px-Flag_of_the_Marshall_Islands.svg.png 2x' data-file-width='570' data-file-height='300'>"
"Macedonia, the former Yugoslav Republic of",MKD,MKD,Macedonia,"<img alt='' src='//upload.wikimedia.org/wikipedia/commons/thumb/f/f8/Flag_of_Macedonia.svg/23px-Flag_of_Macedonia.svg.png' class='flag_image' srcset='//upload.wikimedia.org/wikipedia/commons/thumb/f/f8/Flag_of_Macedonia.svg/35px-Flag_of_Macedonia.svg.png 1.5x, //upload.wikimedia.org/wikipedia/commons/thumb/f/f8/Flag_of_Macedonia.svg/46px-Flag_of_Macedonia.svg.png 2x' data-file-width='1400' data-file-height='700'>"
Mali,MLI,MLI,Mali,"<img alt='' src='//upload.wikimedia.org/wikipedia/commons/thumb/9/92/Flag_of_Mali.svg/23px-Flag_of_Mali.svg.png' class='flag_image' srcset='//upload.wikimedia.org/wikipedia/commons/thumb/9/92/Flag_of_Mali.svg/35px-Flag_of_Mali.svg.png 1.5x, //upload.wikimedia.org/wikipedia/commons/thumb/9/92/Flag_of_Mali.svg/45px-Flag_of_Mali.svg.png 2x' data-file-width='450' data-file-height='300'>"
Malta,MLT,MLT,Malta,"<img alt='' src='//upload.wikimedia.org/wikipedia/commons/thumb/7/73/Flag_of_Malta.svg/23px-Flag_of_Malta.svg.png' class='flag_image' srcset='//upload.wikimedia.org/wikipedia/commons/thumb/7/73/Flag_of_Malta.svg/35px-Flag_of_Malta.svg.png 1.5x, //upload.wikimedia.org/wikipedia/commons/thumb/7/73/Flag_of_Malta.svg/45px-Flag_of_Malta.svg.png 2x' data-file-width='900' data-file-height='600'>"
Myanmar,MMR,MYA,Myanmar,"<img alt='' src='//upload.wikimedia.org/wikipedia/commons/thumb/8/8c/Flag_of_Myanmar.svg/23px-Flag_of_Myanmar.svg.png' class='flag_image' srcset='//upload.wikimedia.org/wikipedia/commons/thumb/8/8c/Flag_of_Myanmar.svg/35px-Flag_of_Myanmar.svg.png 1.5x, //upload.wikimedia.org/wikipedia/commons/thumb/8/8c/Flag_of_Myanmar.svg/45px-Flag_of_Myanmar.svg.png 2x' data-file-width='1800' data-file-height='1200'>"
Montenegro,MNE,MNE,Montenegro,"<img alt='' src='//upload.wikimedia.org/wikipedia/commons/thumb/6/64/Flag_of_Montenegro.svg/23px-Flag_of_Montenegro.svg.png' class='flag_image' srcset='//upload.wikimedia.org/wikipedia/commons/thumb/6/64/Flag_of_Montenegro.svg/35px-Flag_of_Montenegro.svg.png 1.5x, //upload.wikimedia.org/wikipedia/commons/thumb/6/64/Flag_of_Montenegro.svg/46px-Flag_of_Montenegro.svg.png 2x' data-file-width='640' data-file-height='320'>"
Mongolia,MNG,MGL,Mongolia,"<img alt='' src='//upload.wikimedia.org/wikipedia/commons/thumb/4/4c/Flag_of_Mongolia.svg/23px-Flag_of_Mongolia.svg.png' class='flag_image' srcset='//upload.wikimedia.org/wikipedia/commons/thumb/4/4c/Flag_of_Mongolia.svg/35px-Flag_of_Mongolia.svg.png 1.5x, //upload.wikimedia.org/wikipedia/commons/thumb/4/4c/Flag_of_Mongolia.svg/46px-Flag_of_Mongolia.svg.png 2x' data-file-width='4800' data-file-height='2400'>"
Northern Mariana Islands,MNP,,,
Mozambique,MOZ,MOZ,Mozambique,"<img alt='' src='//upload.wikimedia.org/wikipedia/commons/thumb/d/d0/Flag_of_Mozambique.svg/23px-Flag_of_Mozambique.svg.png' class='flag_image' srcset='//upload.wikimedia.org/wikipedia/commons/thumb/d/d0/Flag_of_Mozambique.svg/35px-Flag_of_Mozambique.svg.png 1.5x, //upload.wikimedia.org/wikipedia/commons/thumb/d/d0/Flag_of_Mozambique.svg/45px-Flag_of_Mozambique.svg.png 2x' data-file-width='900' data-file-height='600'>"
Mauritania,MRT,MTN,Mauritania,"<img alt='' src='//upload.wikimedia.org/wikipedia/commons/thumb/4/43/Flag_of_Mauritania.svg/23px-Flag_of_Mauritania.svg.png' class='flag_image' srcset='//upload.wikimedia.org/wikipedia/commons/thumb/4/43/Flag_of_Mauritania.svg/35px-Flag_of_Mauritania.svg.png 1.5x, //upload.wikimedia.org/wikipedia/commons/thumb/4/43/Flag_of_Mauritania.svg/45px-Flag_of_Mauritania.svg.png 2x' data-file-width='900' data-file-height='600'>"
Montserrat,MSR,,,
Martinique,MTQ,,,
Mauritius,MUS,MRI,Mauritius,"<img alt='' src='//upload.wikimedia.org/wikipedia/commons/thumb/7/77/Flag_of_Mauritius.svg/23px-Flag_of_Mauritius.svg.png' class='flag_image' srcset='//upload.wikimedia.org/wikipedia/commons/thumb/7/77/Flag_of_Mauritius.svg/35px-Flag_of_Mauritius.svg.png 1.5x, //upload.wikimedia.org/wikipedia/commons/thumb/7/77/Flag_of_Mauritius.svg/45px-Flag_of_Mauritius.svg.png 2x' data-file-width='450' data-file-height='300'>"
Malawi,MWI,MAW,Malawi,"<img alt='' src='//upload.wikimedia.org/wikipedia/commons/thumb/d/d1/Flag_of_Malawi.svg/23px-Flag_of_Malawi.svg.png' class='flag_image' srcset='//upload.wikimedia.org/wikipedia/commons/thumb/d/d1/Flag_of_Malawi.svg/35px-Flag_of_Malawi.svg.png 1.5x, //upload.wikimedia.org/wikipedia/commons/thumb/d/d1/Flag_of_Malawi.svg/45px-Flag_of_Malawi.svg.png 2x' data-file-width='900' data-file-height='600'>"
Malaysia,MYS,MAS,Malaysia,"<img alt='' src='//upload.wikimedia.org/wikipedia/commons/thumb/6/66/Flag_of_Malaysia.svg/23px-Flag_of_Malaysia.svg.png' class='flag_image' srcset='//upload.wikimedia.org/wikipedia/commons/thumb/6/66/Flag_of_Malaysia.svg/35px-Flag_of_Malaysia.svg.png 1.5x, //upload.wikimedia.org/wikipedia/commons/thumb/6/66/Flag_of_Malaysia.svg/46px-Flag_of_Malaysia.svg.png 2x' data-file-width='2800' data-file-height='1400'>"
Mayotte,MYT,,,
Namibia,NAM,NAM,Namibia,"<img alt='' src='//upload.wikimedia.org/wikipedia/commons/thumb/0/00/Flag_of_Namibia.svg/23px-Flag_of_Namibia.svg.png' class='flag_image' srcset='//upload.wikimedia.org/wikipedia/commons/thumb/0/00/Flag_of_Namibia.svg/35px-Flag_of_Namibia.svg.png 1.5x, //upload.wikimedia.org/wikipedia/commons/thumb/0/00/Flag_of_Namibia.svg/45px-Flag_of_Namibia.svg.png 2x' data-file-width='900' data-file-height='600'>"
New Caledonia,NCL,,,
Niger,NER,NIG,Niger,"<img alt='' src='//upload.wikimedia.org/wikipedia/commons/thumb/f/f4/Flag_of_Niger.svg/18px-Flag_of_Niger.svg.png' class='flag_image' srcset='//upload.wikimedia.org/wikipedia/commons/thumb/f/f4/Flag_of_Niger.svg/27px-Flag_of_Niger.svg.png 1.5x, //upload.wikimedia.org/wikipedia/commons/thumb/f/f4/Flag_of_Niger.svg/35px-Flag_of_Niger.svg.png 2x' data-file-width='700' data-file-height='600'>"
Norfolk Island,NFK,,,
Nigeria,NGA,NGR,Nigeria,"<img alt='' src='//upload.wikimedia.org/wikipedia/commons/thumb/7/79/Flag_of_Nigeria.svg/23px-Flag_of_Nigeria.svg.png' class='flag_image' srcset='//upload.wikimedia.org/wikipedia/commons/thumb/7/79/Flag_of_Nigeria.svg/35px-Flag_of_Nigeria.svg.png 1.5x, //upload.wikimedia.org/wikipedia/commons/thumb/7/79/Flag_of_Nigeria.svg/46px-Flag_of_Nigeria.svg.png 2x' data-file-width='800' data-file-height='400'>"
Nicaragua,NIC,NCA,Nicaragua,"<img alt='' src='//upload.wikimedia.org/wikipedia/commons/thumb/1/19/Flag_of_Nicaragua.svg/23px-Flag_of_Nicaragua.svg.png' class='flag_image' srcset='//upload.wikimedia.org/wikipedia/commons/thumb/1/19/Flag_of_Nicaragua.svg/35px-Flag_of_Nicaragua.svg.png 1.5x, //upload.wikimedia.org/wikipedia/commons/thumb/1/19/Flag_of_Nicaragua.svg/46px-Flag_of_Nicaragua.svg.png 2x' data-file-width='1000' data-file-height='600'>"
Niue,NIU,,,
Netherlands,NLD,NED,Netherlands,"<img alt='' src='//upload.wikimedia.org/wikipedia/commons/thumb/2/20/Flag_of_the_Netherlands.svg/23px-Flag_of_the_Netherlands.svg.png' class='flag_image' srcset='//upload.wikimedia.org/wikipedia/commons/thumb/2/20/Flag_of_the_Netherlands.svg/35px-Flag_of_the_Netherlands.svg.png 1.5x, //upload.wikimedia.org/wikipedia/commons/thumb/2/20/Flag_of_the_Netherlands.svg/45px-Flag_of_the_Netherlands.svg.png 2x' data-file-width='900' data-file-height='600'>"
Norway,NOR,NOR,Norway,"<img alt='' src='//upload.wikimedia.org/wikipedia/commons/thumb/d/d9/Flag_of_Norway.svg/21px-Flag_of_Norway.svg.png' class='flag_image' srcset='//upload.wikimedia.org/wikipedia/commons/thumb/d/d9/Flag_of_Norway.svg/32px-Flag_of_Norway.svg.png 1.5x, //upload.wikimedia.org/wikipedia/commons/thumb/d/d9/Flag_of_Norway.svg/41px-Flag_of_Norway.svg.png 2x' data-file-width='1100' data-file-height='800'>"
Nepal,NPL,NEP,Nepal,"<img alt='' src='//upload.wikimedia.org/wikipedia/commons/thumb/9/9b/Flag_of_Nepal.svg/12px-Flag_of_Nepal.svg.png' class='flag_image' srcset='//upload.wikimedia.org/wikipedia/commons/thumb/9/9b/Flag_of_Nepal.svg/19px-Flag_of_Nepal.svg.png 1.5x, //upload.wikimedia.org/wikipedia/commons/thumb/9/9b/Flag_of_Nepal.svg/25px-Flag_of_Nepal.svg.png 2x' data-file-width='726' data-file-height='885'>"
Nauru,NRU,NRU,Nauru,"<img alt='' src='//upload.wikimedia.org/wikipedia/commons/thumb/3/30/Flag_of_Nauru.svg/23px-Flag_of_Nauru.svg.png' class='flag_image' srcset='//upload.wikimedia.org/wikipedia/commons/thumb/3/30/Flag_of_Nauru.svg/35px-Flag_of_Nauru.svg.png 1.5x, //upload.wikimedia.org/wikipedia/commons/thumb/3/30/Flag_of_Nauru.svg/46px-Flag_of_Nauru.svg.png 2x' data-file-width='600' data-file-height='300'>"
New Zealand,NZL,NZL,New Zealand,"<img alt='' src='//upload.wikimedia.org/wikipedia/commons/thumb/3/3e/Flag_of_New_Zealand.svg/23px-Flag_of_New_Zealand.svg.png' class='flag_image' srcset='//upload.wikimedia.org/wikipedia/commons/thumb/3/3e/Flag_of_New_Zealand.svg/35px-Flag_of_New_Zealand.svg.png 1.5x, //upload.wikimedia.org/wikipedia/commons/thumb/3/3e/Flag_of_New_Zealand.svg/46px-Flag_of_New_Zealand.svg.png 2x' data-file-width='1200' data-file-height='600'>"
Oman,OMN,OMA,Oman,"<img alt='' src='//upload.wikimedia.org/wikipedia/commons/thumb/d/dd/Flag_of_Oman.svg/23px-Flag_of_Oman.svg.png' class='flag_image' srcset='//upload.wikimedia.org/wikipedia/commons/thumb/d/dd/Flag_of_Oman.svg/35px-Flag_of_Oman.svg.png 1.5x, //upload.wikimedia.org/wikipedia/commons/thumb/d/dd/Flag_of_Oman.svg/46px-Flag_of_Oman.svg.png 2x' data-file-width='600' data-file-height='300'>"
Pakistan,PAK,PAK,Pakistan,"<img alt='' src='//upload.wikimedia.org/wikipedia/commons/thumb/3/32/Flag_of_Pakistan.svg/23px-Flag_of_Pakistan.svg.png' class='flag_image' srcset='//upload.wikimedia.org/wikipedia/commons/thumb/3/32/Flag_of_Pakistan.svg/35px-Flag_of_Pakistan.svg.png 1.5x, //upload.wikimedia.org/wikipedia/commons/thumb/3/32/Flag_of_Pakistan.svg/45px-Flag_of_Pakistan.svg.png 2x' data-file-width='900' data-file-height='600'>"
Panama,PAN,PAN,Panama,"<img alt='' src='//upload.wikimedia.org/wikipedia/commons/thumb/a/ab/Flag_of_Panama.svg/23px-Flag_of_Panama.svg.png' class='flag_image' srcset='//upload.wikimedia.org/wikipedia/commons/thumb/a/ab/Flag_of_Panama.svg/35px-Flag_of_Panama.svg.png 1.5x, //upload.wikimedia.org/wikipedia/commons/thumb/a/ab/Flag_of_Panama.svg/45px-Flag_of_Panama.svg.png 2x' data-file-width='450' data-file-height='300'>"
Pitcairn,PCN,,,
Peru,PER,PER,Peru,"<img alt='' src='//upload.wikimedia.org/wikipedia/commons/thumb/c/cf/Flag_of_Peru.svg/23px-Flag_of_Peru.svg.png' class='flag_image' srcset='//upload.wikimedia.org/wikipedia/commons/thumb/c/cf/Flag_of_Peru.svg/35px-Flag_of_Peru.svg.png 1.5x, //upload.wikimedia.org/wikipedia/commons/thumb/c/cf/Flag_of_Peru.svg/45px-Flag_of_Peru.svg.png 2x' data-file-width='900' data-file-height='600'>"
Philippines,PHL,PHI,Philippines,"<img alt='' src='//upload.wikimedia.org/wikipedia/commons/thumb/9/99/Flag_of_the_Philippines.svg/23px-Flag_of_the_Philippines.svg.png' class='flag_image' srcset='//upload.wikimedia.org/wikipedia/commons/thumb/9/99/Flag_of_the_Philippines.svg/35px-Flag_of_the_Philippines.svg.png 1.5x, //upload.wikimedia.org/wikipedia/commons/thumb/9/99/Flag_of_the_Philippines.svg/46px-Flag_of_the_Philippines.svg.png 2x' data-file-width='900' data-file-height='450'>"
Palau,PLW,PLW,Palau,"<img alt='' src='//upload.wikimedia.org/wikipedia/commons/thumb/4/48/Flag_of_Palau.svg/23px-Flag_of_Palau.svg.png' class='flag_image' srcset='//upload.wikimedia.org/wikipedia/commons/thumb/4/48/Flag_of_Palau.svg/35px-Flag_of_Palau.svg.png 1.5x, //upload.wikimedia.org/wikipedia/commons/thumb/4/48/Flag_of_Palau.svg/46px-Flag_of_Palau.svg.png 2x' data-file-width='800' data-file-height='500'>"
Papua New Guinea,PNG,PNG,Papua New Guinea,"<img alt='' src='//upload.wikimedia.org/wikipedia/commons/thumb/e/e3/Flag_of_Papua_New_Guinea.svg/20px-Flag_of_Papua_New_Guinea.svg.png' class='flag_image' srcset='//upload.wikimedia.org/wikipedia/commons/thumb/e/e3/Flag_of_Papua_New_Guinea.svg/31px-Flag_of_Papua_New_Guinea.svg.png 1.5x, //upload.wikimedia.org/wikipedia/commons/thumb/e/e3/Flag_of_Papua_New_Guinea.svg/40px-Flag_of_Papua_New_Guinea.svg.png 2x' data-file-width='600' data-file-height='450'>"
Poland,POL,POL,Poland,"<img alt='' src='//upload.wikimedia.org/wikipedia/en/thumb/1/12/Flag_of_Poland.svg/23px-Flag_of_Poland.svg.png' class='flag_image' srcset='//upload.wikimedia.org/wikipedia/en/thumb/1/12/Flag_of_Poland.svg/35px-Flag_of_Poland.svg.png 1.5x, //upload.wikimedia.org/wikipedia/en/thumb/1/12/Flag_of_Poland.svg/46px-Flag_of_Poland.svg.png 2x' data-file-width='1280' data-file-height='800'>"
Puerto Rico,PRI,PUR,Puerto Rico,"<img alt='' src='//upload.wikimedia.org/wikipedia/commons/thumb/2/28/Flag_of_Puerto_Rico.svg/23px-Flag_of_Puerto_Rico.svg.png' class='flag_image' srcset='//upload.wikimedia.org/wikipedia/commons/thumb/2/28/Flag_of_Puerto_Rico.svg/35px-Flag_of_Puerto_Rico.svg.png 1.5x, //upload.wikimedia.org/wikipedia/commons/thumb/2/28/Flag_of_Puerto_Rico.svg/45px-Flag_of_Puerto_Rico.svg.png 2x' data-file-width='900' data-file-height='600'>"
"Korea, Democratic People's Republic of",PRK,PRK,North Korea,"<img alt='' src='//upload.wikimedia.org/wikipedia/commons/thumb/5/51/Flag_of_North_Korea.svg/23px-Flag_of_North_Korea.svg.png' class='flag_image' srcset='//upload.wikimedia.org/wikipedia/commons/thumb/5/51/Flag_of_North_Korea.svg/35px-Flag_of_North_Korea.svg.png 1.5x, //upload.wikimedia.org/wikipedia/commons/thumb/5/51/Flag_of_North_Korea.svg/46px-Flag_of_North_Korea.svg.png 2x' data-file-width='1600' data-file-height='800'>"
Portugal,PRT,POR,Portugal,"<img alt='' src='//upload.wikimedia.org/wikipedia/commons/thumb/5/5c/Flag_of_Portugal.svg/23px-Flag_of_Portugal.svg.png' class='flag_image' srcset='//upload.wikimedia.org/wikipedia/commons/thumb/5/5c/Flag_of_Portugal.svg/35px-Flag_of_Portugal.svg.png 1.5x, //upload.wikimedia.org/wikipedia/commons/thumb/5/5c/Flag_of_Portugal.svg/45px-Flag_of_Portugal.svg.png 2x' data-file-width='600' data-file-height='400'>"
Paraguay,PRY,PAR,Paraguay,"<img alt='' src='//upload.wikimedia.org/wikipedia/commons/thumb/2/27/Flag_of_Paraguay.svg/23px-Flag_of_Paraguay.svg.png' class='flag_image' srcset='//upload.wikimedia.org/wikipedia/commons/thumb/2/27/Flag_of_Paraguay.svg/35px-Flag_of_Paraguay.svg.png 1.5x, //upload.wikimedia.org/wikipedia/commons/thumb/2/27/Flag_of_Paraguay.svg/46px-Flag_of_Paraguay.svg.png 2x' data-file-width='600' data-file-height='330'>"
"Palestine, State of",PSE,,,
French Polynesia,PYF,,,
Qatar,QAT,QAT,Qatar,"<img alt='' src='//upload.wikimedia.org/wikipedia/commons/thumb/6/65/Flag_of_Qatar.svg/23px-Flag_of_Qatar.svg.png' class='flag_image' srcset='//upload.wikimedia.org/wikipedia/commons/thumb/6/65/Flag_of_Qatar.svg/35px-Flag_of_Qatar.svg.png 1.5x, //upload.wikimedia.org/wikipedia/commons/thumb/6/65/Flag_of_Qatar.svg/46px-Flag_of_Qatar.svg.png 2x' data-file-width='1400' data-file-height='550'>"
Réunion,REU,,,
Romania,ROU,ROU,Romania,"<img alt='' src='//upload.wikimedia.org/wikipedia/commons/thumb/7/73/Flag_of_Romania.svg/23px-Flag_of_Romania.svg.png' class='flag_image' srcset='//upload.wikimedia.org/wikipedia/commons/thumb/7/73/Flag_of_Romania.svg/35px-Flag_of_Romania.svg.png 1.5x, //upload.wikimedia.org/wikipedia/commons/thumb/7/73/Flag_of_Romania.svg/45px-Flag_of_Romania.svg.png 2x' data-file-width='600' data-file-height='400'>"
Russia,RUS,RUS,Russia,"<img alt='' src='//upload.wikimedia.org/wikipedia/en/thumb/f/f3/Flag_of_Russia.svg/23px-Flag_of_Russia.svg.png' class='flag_image' srcset='//upload.wikimedia.org/wikipedia/en/thumb/f/f3/Flag_of_Russia.svg/35px-Flag_of_Russia.svg.png 1.5x, //upload.wikimedia.org/wikipedia/en/thumb/f/f3/Flag_of_Russia.svg/45px-Flag_of_Russia.svg.png 2x' data-file-width='900' data-file-height='600'>"
Rwanda,RWA,RWA,Rwanda,"<img alt='' src='//upload.wikimedia.org/wikipedia/commons/thumb/1/17/Flag_of_Rwanda.svg/23px-Flag_of_Rwanda.svg.png' class='flag_image' srcset='//upload.wikimedia.org/wikipedia/commons/thumb/1/17/Flag_of_Rwanda.svg/35px-Flag_of_Rwanda.svg.png 1.5x, //upload.wikimedia.org/wikipedia/commons/thumb/1/17/Flag_of_Rwanda.svg/45px-Flag_of_Rwanda.svg.png 2x' data-file-width='1080' data-file-height='720'>"
Saudi Arabia,SAU,KSA,Saudi Arabia,"<img alt='' src='//upload.wikimedia.org/wikipedia/commons/thumb/0/0d/Flag_of_Saudi_Arabia.svg/23px-Flag_of_Saudi_Arabia.svg.png' class='flag_image' srcset='//upload.wikimedia.org/wikipedia/commons/thumb/0/0d/Flag_of_Saudi_Arabia.svg/35px-Flag_of_Saudi_Arabia.svg.png 1.5x, //upload.wikimedia.org/wikipedia/commons/thumb/0/0d/Flag_of_Saudi_Arabia.svg/45px-Flag_of_Saudi_Arabia.svg.png 2x' data-file-width='750' data-file-height='500'>"
Sudan,SDN,SUD,Sudan,"<img alt='' src='//upload.wikimedia.org/wikipedia/commons/thumb/0/01/Flag_of_Sudan.svg/23px-Flag_of_Sudan.svg.png' class='flag_image' srcset='//upload.wikimedia.org/wikipedia/commons/thumb/0/01/Flag_of_Sudan.svg/35px-Flag_of_Sudan.svg.png 1.5x, //upload.wikimedia.org/wikipedia/commons/thumb/0/01/Flag_of_Sudan.svg/46px-Flag_of_Sudan.svg.png 2x' data-file-width='600' data-file-height='300'>"
Senegal,SEN,SEN,Senegal,"<img alt='' src='//upload.wikimedia.org/wikipedia/commons/thumb/f/fd/Flag_of_Senegal.svg/23px-Flag_of_Senegal.svg.png' class='flag_image' srcset='//upload.wikimedia.org/wikipedia/commons/thumb/f/fd/Flag_of_Senegal.svg/35px-Flag_of_Senegal.svg.png 1.5x, //upload.wikimedia.org/wikipedia/commons/thumb/f/fd/Flag_of_Senegal.svg/45px-Flag_of_Senegal.svg.png 2x' data-file-width='900' data-file-height='600'>"
Singapore,SGP,SGP,Singapore,"<img alt='' src='//upload.wikimedia.org/wikipedia/commons/thumb/4/48/Flag_of_Singapore.svg/23px-Flag_of_Singapore.svg.png' class='flag_image' srcset='//upload.wikimedia.org/wikipedia/commons/thumb/4/48/Flag_of_Singapore.svg/35px-Flag_of_Singapore.svg.png 1.5x, //upload.wikimedia.org/wikipedia/commons/thumb/4/48/Flag_of_Singapore.svg/45px-Flag_of_Singapore.svg.png 2x' data-file-width='4320' data-file-height='2880'>"
South Georgia and the South Sandwich Islands,SGS,,,
"Saint Helena, Ascension and Tristan da Cunha",SHN,,,
Svalbard and Jan Mayen,SJM,,,
Solomon Islands,SLB,SOL,Solomon Islands,"<img alt='' src='//upload.wikimedia.org/wikipedia/commons/thumb/7/74/Flag_of_the_Solomon_Islands.svg/23px-Flag_of_the_Solomon_Islands.svg.png' class='flag_image' srcset='//upload.wikimedia.org/wikipedia/commons/thumb/7/74/Flag_of_the_Solomon_Islands.svg/35px-Flag_of_the_Solomon_Islands.svg.png 1.5x, //upload.wikimedia.org/wikipedia/commons/thumb/7/74/Flag_of_the_Solomon_Islands.svg/46px-Flag_of_the_Solomon_Islands.svg.png 2x' data-file-width='800' data-file-height='400'>"
Sierra Leone,SLE,SLE,Sierra Leone,"<img alt='' src='//upload.wikimedia.org/wikipedia/commons/thumb/1/17/Flag_of_Sierra_Leone.svg/23px-Flag_of_Sierra_Leone.svg.png' class='flag_image' srcset='//upload.wikimedia.org/wikipedia/commons/thumb/1/17/Flag_of_Sierra_Leone.svg/35px-Flag_of_Sierra_Leone.svg.png 1.5x, //upload.wikimedia.org/wikipedia/commons/thumb/1/17/Flag_of_Sierra_Leone.svg/45px-Flag_of_Sierra_Leone.svg.png 2x' data-file-width='450' data-file-height='300'>"
El Salvador,SLV,ESA,El Salvador,"<img alt='' src='//upload.wikimedia.org/wikipedia/commons/thumb/3/34/Flag_of_El_Salvador.svg/23px-Flag_of_El_Salvador.svg.png' class='flag_image' srcset='//upload.wikimedia.org/wikipedia/commons/thumb/3/34/Flag_of_El_Salvador.svg/35px-Flag_of_El_Salvador.svg.png 1.5x, //upload.wikimedia.org/wikipedia/commons/thumb/3/34/Flag_of_El_Salvador.svg/46px-Flag_of_El_Salvador.svg.png 2x' data-file-width='1064' data-file-height='600'>"
San Marino,SMR,SMR,San Marino,"<img alt='' src='//upload.wikimedia.org/wikipedia/commons/thumb/b/b1/Flag_of_San_Marino.svg/20px-Flag_of_San_Marino.svg.png' class='flag_image' srcset='//upload.wikimedia.org/wikipedia/commons/thumb/b/b1/Flag_of_San_Marino.svg/31px-Flag_of_San_Marino.svg.png 1.5x, //upload.wikimedia.org/wikipedia/commons/thumb/b/b1/Flag_of_San_Marino.svg/40px-Flag_of_San_Marino.svg.png 2x' data-file-width='800' data-file-height='600'>"
Somalia,SOM,SOM,Somalia,"<img alt='' src='//upload.wikimedia.org/wikipedia/commons/thumb/a/a0/Flag_of_Somalia.svg/23px-Flag_of_Somalia.svg.png' class='flag_image' srcset='//upload.wikimedia.org/wikipedia/commons/thumb/a/a0/Flag_of_Somalia.svg/35px-Flag_of_Somalia.svg.png 1.5x, //upload.wikimedia.org/wikipedia/commons/thumb/a/a0/Flag_of_Somalia.svg/45px-Flag_of_Somalia.svg.png 2x' data-file-width='900' data-file-height='600'>"
Saint Pierre and Miquelon,SPM,,,
Serbia,SRB,SRB,Serbia,"<img alt='' src='//upload.wikimedia.org/wikipedia/commons/thumb/f/ff/Flag_of_Serbia.svg/23px-Flag_of_Serbia.svg.png' class='flag_image' srcset='//upload.wikimedia.org/wikipedia/commons/thumb/f/ff/Flag_of_Serbia.svg/35px-Flag_of_Serbia.svg.png 1.5x, //upload.wikimedia.org/wikipedia/commons/thumb/f/ff/Flag_of_Serbia.svg/45px-Flag_of_Serbia.svg.png 2x' data-file-width='1350' data-file-height='900'>"
South Sudan,SSD,SSD,South Sudan,"<img alt='' src='//upload.wikimedia.org/wikipedia/commons/thumb/7/7a/Flag_of_South_Sudan.svg/23px-Flag_of_South_Sudan.svg.png' class='flag_image' srcset='//upload.wikimedia.org/wikipedia/commons/thumb/7/7a/Flag_of_South_Sudan.svg/35px-Flag_of_South_Sudan.svg.png 1.5x, //upload.wikimedia.org/wikipedia/commons/thumb/7/7a/Flag_of_South_Sudan.svg/46px-Flag_of_South_Sudan.svg.png 2x' data-file-width='1000' data-file-height='500'>"
Sao Tome and Principe,STP,STP,São Tomé and Príncipe,"<img alt='' src='//upload.wikimedia.org/wikipedia/commons/thumb/4/4f/Flag_of_Sao_Tome_and_Principe.svg/23px-Flag_of_Sao_Tome_and_Principe.svg.png' class='flag_image' srcset='//upload.wikimedia.org/wikipedia/commons/thumb/4/4f/Flag_of_Sao_Tome_and_Principe.svg/35px-Flag_of_Sao_Tome_and_Principe.svg.png 1.5x, //upload.wikimedia.org/wikipedia/commons/thumb/4/4f/Flag_of_Sao_Tome_and_Principe.svg/46px-Flag_of_Sao_Tome_and_Principe.svg.png 2x' data-file-width='2800' data-file-height='1400'>"
Suriname,SUR,SUR,Suriname,"<img alt='' src='//upload.wikimedia.org/wikipedia/commons/thumb/6/60/Flag_of_Suriname.svg/23px-Flag_of_Suriname.svg.png' class='flag_image' srcset='//upload.wikimedia.org/wikipedia/commons/thumb/6/60/Flag_of_Suriname.svg/35px-Flag_of_Suriname.svg.png 1.5x, //upload.wikimedia.org/wikipedia/commons/thumb/6/60/Flag_of_Suriname.svg/45px-Flag_of_Suriname.svg.png 2x' data-file-width='900' data-file-height='600'>"
Slovakia,SVK,SVK,Slovakia,"<img alt='' src='//upload.wikimedia.org/wikipedia/commons/thumb/e/e6/Flag_of_Slovakia.svg/23px-Flag_of_Slovakia.svg.png' class='flag_image' srcset='//upload.wikimedia.org/wikipedia/commons/thumb/e/e6/Flag_of_Slovakia.svg/35px-Flag_of_Slovakia.svg.png 1.5x, //upload.wikimedia.org/wikipedia/commons/thumb/e/e6/Flag_of_Slovakia.svg/45px-Flag_of_Slovakia.svg.png 2x' data-file-width='900' data-file-height='600'>"
Slovenia,SVN,SLO,Slovenia,"<img alt='' src='//upload.wikimedia.org/wikipedia/commons/thumb/f/f0/Flag_of_Slovenia.svg/23px-Flag_of_Slovenia.svg.png' class='flag_image' srcset='//upload.wikimedia.org/wikipedia/commons/thumb/f/f0/Flag_of_Slovenia.svg/35px-Flag_of_Slovenia.svg.png 1.5x, //upload.wikimedia.org/wikipedia/commons/thumb/f/f0/Flag_of_Slovenia.svg/46px-Flag_of_Slovenia.svg.png 2x' data-file-width='1200' data-file-height='600'>"
Sweden,SWE,SWE,Sweden,"<img alt='' src='//upload.wikimedia.org/wikipedia/en/thumb/4/4c/Flag_of_Sweden.svg/23px-Flag_of_Sweden.svg.png' class='flag_image' srcset='//upload.wikimedia.org/wikipedia/en/thumb/4/4c/Flag_of_Sweden.svg/35px-Flag_of_Sweden.svg.png 1.5x, //upload.wikimedia.org/wikipedia/en/thumb/4/4c/Flag_of_Sweden.svg/46px-Flag_of_Sweden.svg.png 2x' data-file-width='1600' data-file-height='1000'>"
Swaziland,SWZ,SWZ,Swaziland,"<img alt='' src='//upload.wikimedia.org/wikipedia/commons/thumb/1/1e/Flag_of_Swaziland.svg/23px-Flag_of_Swaziland.svg.png' class='flag_image' srcset='//upload.wikimedia.org/wikipedia/commons/thumb/1/1e/Flag_of_Swaziland.svg/35px-Flag_of_Swaziland.svg.png 1.5x, //upload.wikimedia.org/wikipedia/commons/thumb/1/1e/Flag_of_Swaziland.svg/45px-Flag_of_Swaziland.svg.png 2x' data-file-width='450' data-file-height='300'>"
Sint Maarten (Dutch part),SXM,,,
Seychelles,SYC,SEY,Seychelles,"<img alt='' src='//upload.wikimedia.org/wikipedia/commons/thumb/f/fc/Flag_of_Seychelles.svg/23px-Flag_of_Seychelles.svg.png' class='flag_image' srcset='//upload.wikimedia.org/wikipedia/commons/thumb/f/fc/Flag_of_Seychelles.svg/35px-Flag_of_Seychelles.svg.png 1.5x, //upload.wikimedia.org/wikipedia/commons/thumb/f/fc/Flag_of_Seychelles.svg/46px-Flag_of_Seychelles.svg.png 2x' data-file-width='900' data-file-height='450'>"
Syrian Arab Republic,SYR,SYR,Syria,"<img alt='' src='//upload.wikimedia.org/wikipedia/commons/thumb/5/53/Flag_of_Syria.svg/23px-Flag_of_Syria.svg.png' class='flag_image' srcset='//upload.wikimedia.org/wikipedia/commons/thumb/5/53/Flag_of_Syria.svg/35px-Flag_of_Syria.svg.png 1.5x, //upload.wikimedia.org/wikipedia/commons/thumb/5/53/Flag_of_Syria.svg/45px-Flag_of_Syria.svg.png 2x' data-file-width='900' data-file-height='600'>"
Turks and Caicos Islands,TCA,,,
Chad,TCD,CHA,Chad,"<img alt='' src='//upload.wikimedia.org/wikipedia/commons/thumb/4/4b/Flag_of_Chad.svg/23px-Flag_of_Chad.svg.png' class='flag_image' srcset='//upload.wikimedia.org/wikipedia/commons/thumb/4/4b/Flag_of_Chad.svg/35px-Flag_of_Chad.svg.png 1.5x, //upload.wikimedia.org/wikipedia/commons/thumb/4/4b/Flag_of_Chad.svg/45px-Flag_of_Chad.svg.png 2x' data-file-width='450' data-file-height='300'>"
Togo,TGO,TOG,Togo,"<img alt='' src='//upload.wikimedia.org/wikipedia/commons/thumb/6/68/Flag_of_Togo.svg/23px-Flag_of_Togo.svg.png' class='flag_image' srcset='//upload.wikimedia.org/wikipedia/commons/thumb/6/68/Flag_of_Togo.svg/35px-Flag_of_Togo.svg.png 1.5x, //upload.wikimedia.org/wikipedia/commons/thumb/6/68/Flag_of_Togo.svg/46px-Flag_of_Togo.svg.png 2x' data-file-width='809' data-file-height='500'>"
Thailand,THA,THA,Thailand,"<img alt='' src='//upload.wikimedia.org/wikipedia/commons/thumb/a/a9/Flag_of_Thailand.svg/23px-Flag_of_Thailand.svg.png' class='flag_image' srcset='//upload.wikimedia.org/wikipedia/commons/thumb/a/a9/Flag_of_Thailand.svg/35px-Flag_of_Thailand.svg.png 1.5x, //upload.wikimedia.org/wikipedia/commons/thumb/a/a9/Flag_of_Thailand.svg/45px-Flag_of_Thailand.svg.png 2x' data-file-width='900' data-file-height='600'>"
Tajikistan,TJK,TJK,Tajikistan,"<img alt='' src='//upload.wikimedia.org/wikipedia/commons/thumb/d/d0/Flag_of_Tajikistan.svg/23px-Flag_of_Tajikistan.svg.png' class='flag_image' srcset='//upload.wikimedia.org/wikipedia/commons/thumb/d/d0/Flag_of_Tajikistan.svg/35px-Flag_of_Tajikistan.svg.png 1.5x, //upload.wikimedia.org/wikipedia/commons/thumb/d/d0/Flag_of_Tajikistan.svg/46px-Flag_of_Tajikistan.svg.png 2x' data-file-width='1200' data-file-height='600'>"
Tokelau,TKL,,,
Turkmenistan,TKM,TKM,Turkmenistan,"<img alt='' src='//upload.wikimedia.org/wikipedia/commons/thumb/1/1b/Flag_of_Turkmenistan.svg/23px-Flag_of_Turkmenistan.svg.png' class='flag_image' srcset='//upload.wikimedia.org/wikipedia/commons/thumb/1/1b/Flag_of_Turkmenistan.svg/35px-Flag_of_Turkmenistan.svg.png 1.5x, //upload.wikimedia.org/wikipedia/commons/thumb/1/1b/Flag_of_Turkmenistan.svg/45px-Flag_of_Turkmenistan.svg.png 2x' data-file-width='900' data-file-height='600'>"
Timor-Leste,TLS,TLS,Timor-Leste,"<img alt='' src='//upload.wikimedia.org/wikipedia/commons/thumb/2/26/Flag_of_East_Timor.svg/23px-Flag_of_East_Timor.svg.png' class='flag_image' srcset='//upload.wikimedia.org/wikipedia/commons/thumb/2/26/Flag_of_East_Timor.svg/35px-Flag_of_East_Timor.svg.png 1.5x, //upload.wikimedia.org/wikipedia/commons/thumb/2/26/Flag_of_East_Timor.svg/46px-Flag_of_East_Timor.svg.png 2x' data-file-width='900' data-file-height='450'>"
Tonga,TON,TGA,Tonga,"<img alt='' src='//upload.wikimedia.org/wikipedia/commons/thumb/9/9a/Flag_of_Tonga.svg/23px-Flag_of_Tonga.svg.png' class='flag_image' srcset='//upload.wikimedia.org/wikipedia/commons/thumb/9/9a/Flag_of_Tonga.svg/35px-Flag_of_Tonga.svg.png 1.5x, //upload.wikimedia.org/wikipedia/commons/thumb/9/9a/Flag_of_Tonga.svg/46px-Flag_of_Tonga.svg.png 2x' data-file-width='960' data-file-height='480'>"
Trinidad and Tobago,TTO,TTO,Trinidad and Tobago,"<img alt='' src='//upload.wikimedia.org/wikipedia/commons/thumb/6/64/Flag_of_Trinidad_and_Tobago.svg/23px-Flag_of_Trinidad_and_Tobago.svg.png' class='flag_image' srcset='//upload.wikimedia.org/wikipedia/commons/thumb/6/64/Flag_of_Trinidad_and_Tobago.svg/35px-Flag_of_Trinidad_and_Tobago.svg.png 1.5x, //upload.wikimedia.org/wikipedia/commons/thumb/6/64/Flag_of_Trinidad_and_Tobago.svg/46px-Flag_of_Trinidad_and_Tobago.svg.png 2x' data-file-width='800' data-file-height='480'>"
Tunisia,TUN,TUN,Tunisia,"<img alt='' src='//upload.wikimedia.org/wikipedia/commons/thumb/c/ce/Flag_of_Tunisia.svg/23px-Flag_of_Tunisia.svg.png' class='flag_image' srcset='//upload.wikimedia.org/wikipedia/commons/thumb/c/ce/Flag_of_Tunisia.svg/35px-Flag_of_Tunisia.svg.png 1.5x, //upload.wikimedia.org/wikipedia/commons/thumb/c/ce/Flag_of_Tunisia.svg/45px-Flag_of_Tunisia.svg.png 2x' data-file-width='1200' data-file-height='800'>"
Turkey,TUR,TUR,Turkey,"<img alt='' src='//upload.wikimedia.org/wikipedia/commons/thumb/b/b4/Flag_of_Turkey.svg/23px-Flag_of_Turkey.svg.png' class='flag_image' srcset='//upload.wikimedia.org/wikipedia/commons/thumb/b/b4/Flag_of_Turkey.svg/35px-Flag_of_Turkey.svg.png 1.5x, //upload.wikimedia.org/wikipedia/commons/thumb/b/b4/Flag_of_Turkey.svg/45px-Flag_of_Turkey.svg.png 2x' data-file-width='1200' data-file-height='800'>"
Tuvalu,TUV,TUV,Tuvalu,"<img alt='' src='//upload.wikimedia.org/wikipedia/commons/thumb/3/38/Flag_of_Tuvalu.svg/23px-Flag_of_Tuvalu.svg.png' class='flag_image' srcset='//upload.wikimedia.org/wikipedia/commons/thumb/3/38/Flag_of_Tuvalu.svg/35px-Flag_of_Tuvalu.svg.png 1.5x, //upload.wikimedia.org/wikipedia/commons/thumb/3/38/Flag_of_Tuvalu.svg/46px-Flag_of_Tuvalu.svg.png 2x' data-file-width='1200' data-file-height='600'>"
"Taiwan, Province of China",TWN,,,
"Tanzania, United Republic of",TZA,,,
Uganda,UGA,UGA,Uganda,"<img alt='' src='//upload.wikimedia.org/wikipedia/commons/thumb/4/4e/Flag_of_Uganda.svg/23px-Flag_of_Uganda.svg.png' class='flag_image' srcset='//upload.wikimedia.org/wikipedia/commons/thumb/4/4e/Flag_of_Uganda.svg/35px-Flag_of_Uganda.svg.png 1.5x, //upload.wikimedia.org/wikipedia/commons/thumb/4/4e/Flag_of_Uganda.svg/45px-Flag_of_Uganda.svg.png 2x' data-file-width='900' data-file-height='600'>"
Ukraine,UKR,UKR,Ukraine,"<img alt='' src='//upload.wikimedia.org/wikipedia/commons/thumb/4/49/Flag_of_Ukraine.svg/23px-Flag_of_Ukraine.svg.png' class='flag_image' srcset='//upload.wikimedia.org/wikipedia/commons/thumb/4/49/Flag_of_Ukraine.svg/35px-Flag_of_Ukraine.svg.png 1.5x, //upload.wikimedia.org/wikipedia/commons/thumb/4/49/Flag_of_Ukraine.svg/45px-Flag_of_Ukraine.svg.png 2x' data-file-width='1200' data-file-height='800'>"
United States Minor Outlying Islands,UMI,,,
Uruguay,URY,URU,Uruguay,"<img alt='' src='//upload.wikimedia.org/wikipedia/commons/thumb/f/fe/Flag_of_Uruguay.svg/23px-Flag_of_Uruguay.svg.png' class='flag_image' srcset='//upload.wikimedia.org/wikipedia/commons/thumb/f/fe/Flag_of_Uruguay.svg/35px-Flag_of_Uruguay.svg.png 1.5x, //upload.wikimedia.org/wikipedia/commons/thumb/f/fe/Flag_of_Uruguay.svg/45px-Flag_of_Uruguay.svg.png 2x' data-file-width='900' data-file-height='600'>"
United States,USA,USA,United States,"<img alt='' src='//upload.wikimedia.org/wikipedia/en/thumb/a/a4/Flag_of_the_United_States.svg/23px-Flag_of_the_United_States.svg.png' class='flag_image' srcset='//upload.wikimedia.org/wikipedia/en/thumb/a/a4/Flag_of_the_United_States.svg/35px-Flag_of_the_United_States.svg.png 1.5x, //upload.wikimedia.org/wikipedia/en/thumb/a/a4/Flag_of_the_United_States.svg/46px-Flag_of_the_United_States.svg.png 2x' data-file-width='1235' data-file-height='650'>"
Uzbekistan,UZB,UZB,Uzbekistan,"<img alt='' src='//upload.wikimedia.org/wikipedia/commons/thumb/8/84/Flag_of_Uzbekistan.svg/23px-Flag_of_Uzbekistan.svg.png' class='flag_image' srcset='//upload.wikimedia.org/wikipedia/commons/thumb/8/84/Flag_of_Uzbekistan.svg/35px-Flag_of_Uzbekistan.svg.png 1.5x, //upload.wikimedia.org/wikipedia/commons/thumb/8/84/Flag_of_Uzbekistan.svg/46px-Flag_of_Uzbekistan.svg.png 2x' data-file-width='500' data-file-height='250'>"
Holy See,VAT,,,
Saint Vincent and the Grenadines,VCT,VIN,Saint Vincent and the Grenadines,"<img alt='' src='//upload.wikimedia.org/wikipedia/commons/thumb/6/6d/Flag_of_Saint_Vincent_and_the_Grenadines.svg/23px-Flag_of_Saint_Vincent_and_the_Grenadines.svg.png' class='flag_image' srcset='//upload.wikimedia.org/wikipedia/commons/thumb/6/6d/Flag_of_Saint_Vincent_and_the_Grenadines.svg/35px-Flag_of_Saint_Vincent_and_the_Grenadines.svg.png 1.5x, //upload.wikimedia.org/wikipedia/commons/thumb/6/6d/Flag_of_Saint_Vincent_and_the_Grenadines.svg/45px-Flag_of_Saint_Vincent_and_the_Grenadines.svg.png 2x' data-file-width='450' data-file-height='300'>"
"Venezuela, Bolivarian Republic of",VEN,VEN,Venezuela,"<img alt='' src='//upload.wikimedia.org/wikipedia/commons/thumb/0/06/Flag_of_Venezuela.svg/23px-Flag_of_Venezuela.svg.png' class='flag_image' srcset='//upload.wikimedia.org/wikipedia/commons/thumb/0/06/Flag_of_Venezuela.svg/35px-Flag_of_Venezuela.svg.png 1.5x, //upload.wikimedia.org/wikipedia/commons/thumb/0/06/Flag_of_Venezuela.svg/45px-Flag_of_Venezuela.svg.png 2x' data-file-width='900' data-file-height='600'>"
"Virgin Islands, British",VGB,,,
"Virgin Islands, U.S.",VIR,,,
Viet Nam,VNM,,,
Vanuatu,VUT,VAN,Vanuatu,"<img alt='' src='//upload.wikimedia.org/wikipedia/commons/thumb/b/bc/Flag_of_Vanuatu.svg/23px-Flag_of_Vanuatu.svg.png' class='flag_image' srcset='//upload.wikimedia.org/wikipedia/commons/thumb/b/bc/Flag_of_Vanuatu.svg/35px-Flag_of_Vanuatu.svg.png 1.5x, //upload.wikimedia.org/wikipedia/commons/thumb/b/bc/Flag_of_Vanuatu.svg/46px-Flag_of_Vanuatu.svg.png 2x' data-file-width='600' data-file-height='360'>"
Wallis and Futuna,WLF,,,
Samoa,WSM,SAM,Samoa,"<img alt='' src='//upload.wikimedia.org/wikipedia/commons/thumb/3/31/Flag_of_Samoa.svg/23px-Flag_of_Samoa.svg.png' class='flag_image' srcset='//upload.wikimedia.org/wikipedia/commons/thumb/3/31/Flag_of_Samoa.svg/35px-Flag_of_Samoa.svg.png 1.5x, //upload.wikimedia.org/wikipedia/commons/thumb/3/31/Flag_of_Samoa.svg/46px-Flag_of_Samoa.svg.png 2x' data-file-width='2880' data-file-height='1440'>"
Yemen,YEM,YEM,Yemen,"<img alt='' src='//upload.wikimedia.org/wikipedia/commons/thumb/8/89/Flag_of_Yemen.svg/23px-Flag_of_Yemen.svg.png' class='flag_image' srcset='//upload.wikimedia.org/wikipedia/commons/thumb/8/89/Flag_of_Yemen.svg/35px-Flag_of_Yemen.svg.png 1.5x, //upload.wikimedia.org/wikipedia/commons/thumb/8/89/Flag_of_Yemen.svg/45px-Flag_of_Yemen.svg.png 2x' data-file-width='450' data-file-height='300'>"
South Africa,ZAF,RSA,South Africa,"<img alt='' src='//upload.wikimedia.org/wikipedia/commons/thumb/a/af/Flag_of_South_Africa.svg/23px-Flag_of_South_Africa.svg.png' class='flag_image' srcset='//upload.wikimedia.org/wikipedia/commons/thumb/a/af/Flag_of_South_Africa.svg/35px-Flag_of_South_Africa.svg.png 1.5x, //upload.wikimedia.org/wikipedia/commons/thumb/a/af/Flag_of_South_Africa.svg/45px-Flag_of_South_Africa.svg.png 2x' data-file-width='900' data-file-height='600'>"
Zambia,ZMB,ZAM,Zambia,"<img alt='' src='//upload.wikimedia.org/wikipedia/commons/thumb/0/06/Flag_of_Zambia.svg/23px-Flag_of_Zambia.svg.png' class='flag_image' srcset='//upload.wikimedia.org/wikipedia/commons/thumb/0/06/Flag_of_Zambia.svg/35px-Flag_of_Zambia.svg.png 1.5x, //upload.wikimedia.org/wikipedia/commons/thumb/0/06/Flag_of_Zambia.svg/45px-Flag_of_Zambia.svg.png 2x' data-file-width='2100' data-file-height='1400'>"
Zimbabwe,ZWE,ZIM,Zimbabwe,"<img alt='' src='//upload.wikimedia.org/wikipedia/commons/thumb/6/6a/Flag_of_Zimbabwe.svg/23px-Flag_of_Zimbabwe.svg.png' class='flag_image' srcset='//upload.wikimedia.org/wikipedia/commons/thumb/6/6a/Flag_of_Zimbabwe.svg/35px-Flag_of_Zimbabwe.svg.png 1.5x, //upload.wikimedia.org/wikipedia/commons/thumb/6/6a/Flag_of_Zimbabwe.svg/46px-Flag_of_Zimbabwe.svg.png 2x' data-file-width='840' data-file-height='420'>"
